"id","name","description","price","images","inStock","stock","artistId","createdAt","updatedAt","category","collectionId","featured","features","originalPrice","polarId"
"cmbt7gow40002s6f3aqka4qoc","Assiette Creuse","Code produit: AC","4.5","{}","true","10","cmbt7dj660000s6if6p092iic","2025-06-12 09:57:50.98","2025-06-12 09:57:50.98",,,"false","{}",,""
"cmbt7goxv0004s6f3kxrgq9zb","Entenoir à confiture","Code produit: ACA","4.6","{}","true","10","cmbt7dj660000s6if6p092iic","2025-06-12 09:57:51.044","2025-06-12 09:57:51.044",,,"false","{}",,""
"cmbt7goyo0006s6f3vi5zbc6z","Assiette Creuse Carré","Code produit: ACC","4.7","{}","true","10","cmbt7dj660000s6if6p092iic","2025-06-12 09:57:51.072","2025-06-12 09:57:51.072",,,"false","{}",,""
"cmbt7gozf0008s6f3ah8rfbnh","Assiette Creuse Fleur","Code produit: ACF","4.7","{}","true","10","cmbt7dj660000s6if6p092iic","2025-06-12 09:57:51.1","2025-06-12 09:57:51.1",,,"false","{}",,""
"cmbt7gp07000as6f30lsh393c","Assiette Creuse Froisé","Code produit: ACFR","4.7","{}","true","10","cmbt7dj660000s6if6p092iic","2025-06-12 09:57:51.128","2025-06-12 09:57:51.128",,,"false","{}",,""
"cmbt7gp10000cs6f3n8trlx86","Assiette à Charcuterie","Code produit: ACH","7","{}","true","10","cmbt7dj660000s6if6p092iic","2025-06-12 09:57:51.157","2025-06-12 09:57:51.157",,,"false","{}",,""
"cmbt7gp1s000es6f39gsjg9ts","Assiette carré liseré GM","Code produit: ACLG","7","{}","true","10","cmbt7dj660000s6if6p092iic","2025-06-12 09:57:51.184","2025-06-12 09:57:51.184",,,"false","{}",,""
"cmbt7gp2l000gs6f37tqo1p2m","Assiette carré liseré (PM)","Code produit: ACLP","5","{}","true","10","cmbt7dj660000s6if6p092iic","2025-06-12 09:57:51.213","2025-06-12 09:57:51.213",,,"false","{}",,""
"cmbt7gp3f000is6f3h49l2z3e","Assiette à couscous","Code produit: ACOU","5.2","{}","true","10","cmbt7dj660000s6if6p092iic","2025-06-12 09:57:51.243","2025-06-12 09:57:51.243",,,"false","{}",,""
"cmbt7gp49000ks6f3tvk1ayni","Assiette Dessert Carré","Code produit: ADC","4.4","{}","true","10","cmbt7dj660000s6if6p092iic","2025-06-12 09:57:51.273","2025-06-12 09:57:51.273",,,"false","{}",,""
"cmbt7gp52000ms6f3eheh4tnw","Assiette Dessert Carré (interieur rond)","Code produit: ADCR","4.4","{}","true","10","cmbt7dj660000s6if6p092iic","2025-06-12 09:57:51.302","2025-06-12 09:57:51.302",,,"false","{}",,""
"cmbt7gp5v000os6f3qbttr5nn","Assiette Dessert Fleur","Code produit: ADF","4.4","{}","true","10","cmbt7dj660000s6if6p092iic","2025-06-12 09:57:51.331","2025-06-12 09:57:51.331",,,"false","{}",,""
"cmbt7gp6o000qs6f3x1q1p2i9","Assiette dessert froissé","Code produit: ADFR","4.2","{}","true","10","cmbt7dj660000s6if6p092iic","2025-06-12 09:57:51.36","2025-06-12 09:57:51.36",,,"false","{}",,""
"cmbt7gp7i000ss6f3um6gm4f8","Assiette Dessert (GM)","Code produit: ADG","4.3","{}","true","10","cmbt7dj660000s6if6p092iic","2025-06-12 09:57:51.39","2025-06-12 09:57:51.39",,,"false","{}",,""
"cmbt7gp8a000us6f3ue741mk1","Assiette Excentré (GM)","Code produit: AEG","5.5","{}","true","10","cmbt7dj660000s6if6p092iic","2025-06-12 09:57:51.419","2025-06-12 09:57:51.419",,,"false","{}",,""
"cmbt7gp95000ws6f3divbgka1","Assiette Excentré (PM)","Code produit: AEP","4.5","{}","true","10","cmbt7dj660000s6if6p092iic","2025-06-12 09:57:51.449","2025-06-12 09:57:51.449",,,"false","{}",,""
"cmbt7gp9z000ys6f3mp6knydb","Assiette à Fondue","Code produit: AF","6.8","{}","true","10","cmbt7dj660000s6if6p092iic","2025-06-12 09:57:51.479","2025-06-12 09:57:51.479",,,"false","{}",,""
"cmbt7gpax0010s6f3ndqin1w3","Assiette Louis XV","Code produit: AL","6.9","{}","true","10","cmbt7dj660000s6if6p092iic","2025-06-12 09:57:51.513","2025-06-12 09:57:51.513",,,"false","{}",,""
"cmbt7gpbq0012s6f3ema22a7x","Albane","Code produit: ALB","5.3","{}","true","10","cmbt7dj660000s6if6p092iic","2025-06-12 09:57:51.543","2025-06-12 09:57:51.543",,,"false","{}",,""
"cmbt7gpco0014s6f31s9b5995","Assiette Moustier","Code produit: AM","6.9","{}","true","10","cmbt7dj660000s6if6p092iic","2025-06-12 09:57:51.576","2025-06-12 09:57:51.576",,,"false","{}",,""
"cmbt7gpdi0016s6f3fr5mf2ln","Assiette Mimosa","Code produit: AMI","7","{}","true","10","cmbt7dj660000s6if6p092iic","2025-06-12 09:57:51.607","2025-06-12 09:57:51.607",,,"false","{}",,""
"cmbt7gpec0018s6f363gmocvl","Assiette Octogonale","Code produit: AO","5.7","{}","true","10","cmbt7dj660000s6if6p092iic","2025-06-12 09:57:51.636","2025-06-12 09:57:51.636",,,"false","{}",,""
"cmbt7gpf7001as6f3ovbp4o0j","Assiette Plate","Code produit: AP","5.6","{}","true","10","cmbt7dj660000s6if6p092iic","2025-06-12 09:57:51.668","2025-06-12 09:57:51.668",,,"false","{}",,""
"cmbt7gpg1001cs6f31ees458s","Aperitif Double","Code produit: AP2","6","{}","true","10","cmbt7dj660000s6if6p092iic","2025-06-12 09:57:51.697","2025-06-12 09:57:51.697",,,"false","{}",,""
"cmbt7gpgv001es6f3qfe8x4my","Aperitif Triple","Code produit: AP3","7","{}","true","10","cmbt7dj660000s6if6p092iic","2025-06-12 09:57:51.727","2025-06-12 09:57:51.727",,,"false","{}",,""
"cmbt7gpho001gs6f32nbc1fsh","Assiette Plate Applique","Code produit: APA","6","{}","true","10","cmbt7dj660000s6if6p092iic","2025-06-12 09:57:51.757","2025-06-12 09:57:51.757",,,"false","{}",,""
"cmbt7gpii001is6f3joegfkhw","Assiette Plate Carré","Code produit: APC","6","{}","true","10","cmbt7dj660000s6if6p092iic","2025-06-12 09:57:51.786","2025-06-12 09:57:51.786",,,"false","{}",,""
"cmbt7gpjb001ks6f3deo1zae9","Assiette Plate Carré Applique","Code produit: APCA","6.5","{}","true","10","cmbt7dj660000s6if6p092iic","2025-06-12 09:57:51.816","2025-06-12 09:57:51.816",,,"false","{}",,""
"cmbt7gpk6001ms6f3ly5gt0na","Assiette Plate Carré (interieur rond)","Code produit: APCR","5.4","{}","true","10","cmbt7dj660000s6if6p092iic","2025-06-12 09:57:51.847","2025-06-12 09:57:51.847",,,"false","{}",,""
"cmbt7gpl3001os6f3nmphr3ct","Assiette Provence Dessert","Code produit: APD","4.2","{}","true","10","cmbt7dj660000s6if6p092iic","2025-06-12 09:57:51.879","2025-06-12 09:57:51.879",,,"false","{}",,""
"cmbt7gpm4001qs6f3jlrfmi2r","Assiette Plate Fleur","Code produit: APF","5.8","{}","true","10","cmbt7dj660000s6if6p092iic","2025-06-12 09:57:51.916","2025-06-12 09:57:51.916",,,"false","{}",,""
"cmbt7gpmz001ss6f3lzthzzgh","Assiette plate froissé","Code produit: APFR","7.2","{}","true","10","cmbt7dj660000s6if6p092iic","2025-06-12 09:57:51.948","2025-06-12 09:57:51.948",,,"false","{}",,""
"cmbt7gpnu001us6f3kz8w83m9","Assiette Plate (lou pignatier)","Code produit: APL","5.7","{}","true","10","cmbt7dj660000s6if6p092iic","2025-06-12 09:57:51.978","2025-06-12 09:57:51.978",,,"false","{}",,""
"cmbt7gpon001ws6f3xmunafqe","Assiette plate carré pointu","Code produit: APOI","6.2","{}","true","10","cmbt7dj660000s6if6p092iic","2025-06-12 09:57:52.008","2025-06-12 09:57:52.008",,,"false","{}",,""
"cmbt7gpph001ys6f3aaxa4gon","Assiette Provence Plate","Code produit: APP","5","{}","true","10","cmbt7dj660000s6if6p092iic","2025-06-12 09:57:52.037","2025-06-12 09:57:52.037",,,"false","{}",,""
"cmbt7gpqa0020s6f3awhdgy0t","Assiette Rectangulaire","Code produit: AR","6.5","{}","true","10","cmbt7dj660000s6if6p092iic","2025-06-12 09:57:52.066","2025-06-12 09:57:52.066",,,"false","{}",,""
"cmbt7gpr40022s6f3ph58st0u","Assiette Rectangulaire (PM)","Code produit: ARP","4.5","{}","true","10","cmbt7dj660000s6if6p092iic","2025-06-12 09:57:52.096","2025-06-12 09:57:52.096",,,"false","{}",,""
"cmbt7gprw0024s6f30aw24969","Assiette à Steack","Code produit: AS","6","{}","true","10","cmbt7dj660000s6if6p092iic","2025-06-12 09:57:52.125","2025-06-12 09:57:52.125",,,"false","{}",,""
"cmbt7gpsq0026s6f3mby4xtfg","Assiette à Spaghetti","Code produit: ASP","6","{}","true","10","cmbt7dj660000s6if6p092iic","2025-06-12 09:57:52.154","2025-06-12 09:57:52.154",,,"false","{}",,""
"cmbt7gptk0028s6f3wnd63ql7","Assiette sushi","Code produit: ASU","4.5","{}","true","10","cmbt7dj660000s6if6p092iic","2025-06-12 09:57:52.184","2025-06-12 09:57:52.184",,,"false","{}",,""
"cmbt7gpue002as6f3j76bqhfq","Assiette zen (GM)","Code produit: ASZG","4.5","{}","true","10","cmbt7dj660000s6if6p092iic","2025-06-12 09:57:52.214","2025-06-12 09:57:52.214",,,"false","{}",,""
"cmbt7gpv7002cs6f38o0k8ngw","Assiette zen (PM)","Code produit: ASZP","4.3","{}","true","10","cmbt7dj660000s6if6p092iic","2025-06-12 09:57:52.243","2025-06-12 09:57:52.243",,,"false","{}",,""
"cmbt7gpw0002es6f3ev3mqueq","Ava","Code produit: AVA","7","{}","true","10","cmbt7dj660000s6if6p092iic","2025-06-12 09:57:52.272","2025-06-12 09:57:52.272",,,"false","{}",,""
"cmbt7gpwu002gs6f36nh4ai4b","Bol Breton","Code produit: BB","4.2","{}","true","10","cmbt7dj660000s6if6p092iic","2025-06-12 09:57:52.302","2025-06-12 09:57:52.302",,,"false","{}",,""
"cmbt7gpxm002is6f322tozziy","Bouteille Huile Boule (GM)","Code produit: BBG","4.7","{}","true","10","cmbt7dj660000s6if6p092iic","2025-06-12 09:57:52.33","2025-06-12 09:57:52.33",,,"false","{}",,""
"cmbt7gpyf002ks6f3b8fjgjt8","Bouteille  Huile Boule  Géante","Code produit: BBGE","6.3","{}","true","10","cmbt7dj660000s6if6p092iic","2025-06-12 09:57:52.359","2025-06-12 09:57:52.359",,,"false","{}",,""
"cmbt7gpz6002ms6f301cr4evl","Bouteille  Boulette","Code produit: BBO","3.3","{}","true","10","cmbt7dj660000s6if6p092iic","2025-06-12 09:57:52.387","2025-06-12 09:57:52.387",,,"false","{}",,""
"cmbt7gpzy002os6f3svgqi3gp","Bouteille Boule (PM)","Code produit: BBP","4","{}","true","10","cmbt7dj660000s6if6p092iic","2025-06-12 09:57:52.414","2025-06-12 09:57:52.414",,,"false","{}",,""
"cmbt7gq0p002qs6f37sygpw1t","Bouteille Huile Conique (GM) ","Code produit: BCG","4.7","{}","true","10","cmbt7dj660000s6if6p092iic","2025-06-12 09:57:52.442","2025-06-12 09:57:52.442",,,"false","{}",,""
"cmbt7gq1h002ss6f34mtn4ite","Bouteille Huile Conique Géante","Code produit: BCGE","6.3","{}","true","10","cmbt7dj660000s6if6p092iic","2025-06-12 09:57:52.47","2025-06-12 09:57:52.47",,,"false","{}",,""
"cmbt7gq29002us6f30qz4fjn8","Beurrier Couteau","Code produit: BCO","6","{}","true","10","cmbt7dj660000s6if6p092iic","2025-06-12 09:57:52.498","2025-06-12 09:57:52.498",,,"false","{}",,""
"cmbt7gq32002ws6f3io0eo2hi","Bouteille Huile Conique (PM)","Code produit: BCP","4","{}","true","10","cmbt7dj660000s6if6p092iic","2025-06-12 09:57:52.526","2025-06-12 09:57:52.526",,,"false","{}",,""
"cmbt7gq3x002ys6f3z65ip6bc","Bol déjeuner ansé","Code produit: BDA","4.8","{}","true","10","cmbt7dj660000s6if6p092iic","2025-06-12 09:57:52.557","2025-06-12 09:57:52.557",,,"false","{}",,""
"cmbt7gq4r0030s6f3p7ebm6cl","Bouteille Huile Droite (GM)","Code produit: BDG","4.7","{}","true","10","cmbt7dj660000s6if6p092iic","2025-06-12 09:57:52.587","2025-06-12 09:57:52.587",,,"false","{}",,""
"cmbt7gq5m0032s6f30rydq8n6","Bouteille Huile Droite Géante","Code produit: BDGE","6.3","{}","true","10","cmbt7dj660000s6if6p092iic","2025-06-12 09:57:52.618","2025-06-12 09:57:52.618",,,"false","{}",,""
"cmbt7gq6g0034s6f388a673xm","Bouteille Huile Droite (PM)","Code produit: BDP","4","{}","true","10","cmbt7dj660000s6if6p092iic","2025-06-12 09:57:52.648","2025-06-12 09:57:52.648",,,"false","{}",,""
"cmbt7gq7b0036s6f3tc05n7pu","Beurrier","Code produit: BE","6","{}","true","10","cmbt7dj660000s6if6p092iic","2025-06-12 09:57:52.679","2025-06-12 09:57:52.679",,,"false","{}",,""
"cmbt7gq870038s6f3v7nae3vo","Bec Verseur","Code produit: BEC","1.6","{}","true","10","cmbt7dj660000s6if6p092iic","2025-06-12 09:57:52.711","2025-06-12 09:57:52.711",,,"false","{}",,""
"cmbt7gq91003as6f34v17b573","Bol Géant","Code produit: BG","4.2","{}","true","10","cmbt7dj660000s6if6p092iic","2025-06-12 09:57:52.741","2025-06-12 09:57:52.741",,,"false","{}",,""
"cmbt7gq9u003cs6f3sckvitwi","Bol Geant Ansé","Code produit: BGA","5.1","{}","true","10","cmbt7dj660000s6if6p092iic","2025-06-12 09:57:52.771","2025-06-12 09:57:52.771",,,"false","{}",,""
"cmbt7gqan003es6f3gt47uwq5","Bol Géant sur Pied","Code produit: BGEJ","4.6","{}","true","10","cmbt7dj660000s6if6p092iic","2025-06-12 09:57:52.8","2025-06-12 09:57:52.8",,,"false","{}",,""
"cmbt7gqbi003gs6f339o0hdqw","Brique Grappe (GM)","Code produit: BGG","9","{}","true","10","cmbt7dj660000s6if6p092iic","2025-06-12 09:57:52.83","2025-06-12 09:57:52.83",,,"false","{}",,""
"cmbt7gqcc003is6f34mmfdj0h","Bol sur Pied (GM)","Code produit: BGJ","4.3","{}","true","10","cmbt7dj660000s6if6p092iic","2025-06-12 09:57:52.86","2025-06-12 09:57:52.86",,,"false","{}",,""
"cmbt7gqd5003ks6f3phblw3v3","Bol (GM)    et   Zen","Code produit: BGM","3.99","{}","true","10","cmbt7dj660000s6if6p092iic","2025-06-12 09:57:52.889","2025-06-12 09:57:52.889",,,"false","{}",,""
"cmbt7gqe0003ms6f31xqkv7p3","Brique Grappe (PM)","Code produit: BGP","8","{}","true","10","cmbt7dj660000s6if6p092iic","2025-06-12 09:57:52.92","2025-06-12 09:57:52.92",,,"false","{}",,""
"cmbt7gqev003os6f3bqm5qpgu","Bol Maxi Ansé","Code produit: BMA","5.3","{}","true","10","cmbt7dj660000s6if6p092iic","2025-06-12 09:57:52.951","2025-06-12 09:57:52.951",,,"false","{}",,""
"cmbt7gqfn003qs6f31o7yrm3v","Bouteille mini conique","Code produit: BMI","3.1","{}","true","10","cmbt7dj660000s6if6p092iic","2025-06-12 09:57:52.98","2025-06-12 09:57:52.98",,,"false","{}",,""
"cmbt7gqgh003ss6f3uaxrhgon","Bol Mini sur Pied","Code produit: BMJ","3.1","{}","true","10","cmbt7dj660000s6if6p092iic","2025-06-12 09:57:53.009","2025-06-12 09:57:53.009",,,"false","{}",,""
"cmbt7gqh9003us6f3v3xks765","Bol Maxi Simple","Code produit: BMS","4.5","{}","true","10","cmbt7dj660000s6if6p092iic","2025-06-12 09:57:53.037","2025-06-12 09:57:53.037",,,"false","{}",,""
"cmbt7gqi3003ws6f3a1jxra2n","Bougeoir Ansé","Code produit: BOA","5.2","{}","true","10","cmbt7dj660000s6if6p092iic","2025-06-12 09:57:53.067","2025-06-12 09:57:53.067",,,"false","{}",,""
"cmbt7gqjd003ys6f3ou09trdb","Boite à Œufs (GM)","Code produit: BOG","7.3","{}","true","10","cmbt7dj660000s6if6p092iic","2025-06-12 09:57:53.113","2025-06-12 09:57:53.113",,,"false","{}",,""
"cmbt7gqk50040s6f36bo56hjy","Bolet  Haut","Code produit: BOH","3.3","{}","true","10","cmbt7dj660000s6if6p092iic","2025-06-12 09:57:53.142","2025-06-12 09:57:53.142",,,"false","{}",,""
"cmbt7gqky0042s6f31nd8kmb4","Bol  Bolé","Code produit: BOL","3.2","{}","true","10","cmbt7dj660000s6if6p092iic","2025-06-12 09:57:53.171","2025-06-12 09:57:53.171",,,"false","{}",,""
"cmbt7gqlx0044s6f32lcspqfw","Bonbonnière","Code produit: BOM","5.6","{}","true","10","cmbt7dj660000s6if6p092iic","2025-06-12 09:57:53.205","2025-06-12 09:57:53.205",,,"false","{}",,""
"cmbt7gqmq0046s6f3pwwci0cr","Boite à Œufs (PM)","Code produit: BOP","5.7","{}","true","10","cmbt7dj660000s6if6p092iic","2025-06-12 09:57:53.234","2025-06-12 09:57:53.234",,,"false","{}",,""
"cmbt7gqnj0048s6f3yqxlmgxu","Bougeoir Simple","Code produit: BOS","4.2","{}","true","10","cmbt7dj660000s6if6p092iic","2025-06-12 09:57:53.263","2025-06-12 09:57:53.263",,,"false","{}",,""
"cmbt7gqof004as6f360g6w28h","Bouchon Salière","Code produit: BOU","0.45","{}","true","10","cmbt7dj660000s6if6p092iic","2025-06-12 09:57:53.295","2025-06-12 09:57:53.295",,,"false","{}",,""
"cmbt7gqp9004cs6f3gk8tjugm","Brule Parfum","Code produit: BP","5.5","{}","true","10","cmbt7dj660000s6if6p092iic","2025-06-12 09:57:53.325","2025-06-12 09:57:53.325",,,"false","{}",,""
"cmbt7gqq4004es6f3ej7tpy1n","Bouteille petite Conique  ","Code produit: BPC","4","{}","true","10","cmbt7dj660000s6if6p092iic","2025-06-12 09:57:53.356","2025-06-12 09:57:53.356",,,"false","{}",,""
"cmbt7gqqy004gs6f3e1rt9cku","Bouchon Pot à Herbes","Code produit: BPH","1","{}","true","10","cmbt7dj660000s6if6p092iic","2025-06-12 09:57:53.386","2025-06-12 09:57:53.386",,,"false","{}",,""
"cmbt7gqrt004is6f3hjpiu1o0","Bol sur Pied (PM)","Code produit: BPJ","3.3","{}","true","10","cmbt7dj660000s6if6p092iic","2025-06-12 09:57:53.417","2025-06-12 09:57:53.417",,,"false","{}",,""
"cmbt7gqsn004ks6f3nbjushb5","Bol (PM)  et   Zen","Code produit: BPM","3.6","{}","true","10","cmbt7dj660000s6if6p092iic","2025-06-12 09:57:53.447","2025-06-12 09:57:53.447",,,"false","{}",,""
"cmbt7gqtg004ms6f31pwgo5p3","Bol avec petit pied presse","Code produit: BPR","4.2","{}","true","10","cmbt7dj660000s6if6p092iic","2025-06-12 09:57:53.476","2025-06-12 09:57:53.476",,,"false","{}",,""
"cmbt7gqu9004os6f3lzvk2mrn","Bol Soupe","Code produit: BS","4.2","{}","true","10","cmbt7dj660000s6if6p092iic","2025-06-12 09:57:53.505","2025-06-12 09:57:53.505",,,"false","{}",,""
"cmbt7gqv3004qs6f3017a35yk","Bas de Tajine (GM )","Code produit: BTG","12","{}","true","10","cmbt7dj660000s6if6p092iic","2025-06-12 09:57:53.535","2025-06-12 09:57:53.535",,,"false","{}",,""
"cmbt7gqvw004ss6f36wfs78nf","Bas de Tajine (MM )","Code produit: BTM","8","{}","true","10","cmbt7dj660000s6if6p092iic","2025-06-12 09:57:53.564","2025-06-12 09:57:53.564",,,"false","{}",,""
"cmbt7gqwq004us6f39h06r1hb","Bas de Tajine (PM)","Code produit: BTP","6.5","{}","true","10","cmbt7dj660000s6if6p092iic","2025-06-12 09:57:53.595","2025-06-12 09:57:53.595",,,"false","{}",,""
"cmbt7gqxk004ws6f3qzyo3456","Brique a vin","Code produit: BVD","7.5","{}","true","10","cmbt7dj660000s6if6p092iic","2025-06-12 09:57:53.624","2025-06-12 09:57:53.624",,,"false","{}",,""
"cmbt7gqye004ys6f3qhran4as","Brique à vin Droite","Code produit: BVD","7.5","{}","true","10","cmbt7dj660000s6if6p092iic","2025-06-12 09:57:53.654","2025-06-12 09:57:53.654",,,"false","{}",,""
"cmbt7gqz50050s6f3gerw1q5x","Brique à vin tournée","Code produit: BVT","10","{}","true","10","cmbt7dj660000s6if6p092iic","2025-06-12 09:57:53.682","2025-06-12 09:57:53.682",,,"false","{}",,""
"cmbt7gqzw0052s6f3f0ov8bho","Coupelle Avocat","Code produit: CA","4","{}","true","10","cmbt7dj660000s6if6p092iic","2025-06-12 09:57:53.709","2025-06-12 09:57:53.709",,,"false","{}",,""
"cmbt7gr0o0054s6f3z2ek8sae","Clôche à Beurre","Code produit: CB","3.2","{}","true","10","cmbt7dj660000s6if6p092iic","2025-06-12 09:57:53.737","2025-06-12 09:57:53.737",,,"false","{}",,""
"cmbt7gr1g0056s6f3xzo7tace","Cendrier Corse","Code produit: CC","3.7","{}","true","10","cmbt7dj660000s6if6p092iic","2025-06-12 09:57:53.764","2025-06-12 09:57:53.764",,,"false","{}",,""
"cmbt7gr280058s6f3q5p04eaj","Coupe Dentelle sur Pied (GM)","Code produit: CDPG","13.8","{}","true","10","cmbt7dj660000s6if6p092iic","2025-06-12 09:57:53.792","2025-06-12 09:57:53.792",,,"false","{}",,""
"cmbt7gr2z005as6f38r4h9hty","Coupe Dentelle sur Pied (MM)","Code produit: CDPM","8.5","{}","true","10","cmbt7dj660000s6if6p092iic","2025-06-12 09:57:53.82","2025-06-12 09:57:53.82",,,"false","{}",,""
"cmbt7gr3z005cs6f3zuss00pu","Coupe Dentelle sur Pied (PM)","Code produit: CDPP","4.5","{}","true","10","cmbt7dj660000s6if6p092iic","2025-06-12 09:57:53.855","2025-06-12 09:57:53.855",,,"false","{}",,""
"cmbt7gr4u005es6f3mo6ygctc","Cache-éponge","Code produit: CE","4.3","{}","true","10","cmbt7dj660000s6if6p092iic","2025-06-12 09:57:53.886","2025-06-12 09:57:53.886",,,"false","{}",,""
"cmbt7gr5l005gs6f35jzukewf","Coupelle Fleur de 15 cm","Code produit: CF","3.9","{}","true","10","cmbt7dj660000s6if6p092iic","2025-06-12 09:57:53.914","2025-06-12 09:57:53.914",,,"false","{}",,""
"cmbt7gr6m005is6f31d8nm2ln","Coupe Feuille de 40 cm","Code produit: CF40","10","{}","true","10","cmbt7dj660000s6if6p092iic","2025-06-12 09:57:53.95","2025-06-12 09:57:53.95",,,"false","{}",,""
"cmbt7gr7m005ks6f3hqp2aqgv","Clôche à Fromage (GM)","Code produit: CFG","9","{}","true","10","cmbt7dj660000s6if6p092iic","2025-06-12 09:57:53.986","2025-06-12 09:57:53.986",,,"false","{}",,""
"cmbt7gr8e005ms6f3e7yq7hzr","Clôche à Fromage (PM)","Code produit: CFP","7.9","{}","true","10","cmbt7dj660000s6if6p092iic","2025-06-12 09:57:54.015","2025-06-12 09:57:54.015",,,"false","{}",,""
"cmbt7gr98005os6f3irbb6v5b","Coupe à Glace Dentelle","Code produit: CGD","9","{}","true","10","cmbt7dj660000s6if6p092iic","2025-06-12 09:57:54.045","2025-06-12 09:57:54.045",,,"false","{}",,""
"cmbt7gra0005qs6f3au99xujp","Coupe à Glace Dentelle (PM)","Code produit: CGDP","4.5","{}","true","10","cmbt7dj660000s6if6p092iic","2025-06-12 09:57:54.072","2025-06-12 09:57:54.072",,,"false","{}",,""
"cmbt7grar005ss6f3a9swqj13","Choppe géante Maithé","Code produit: CHGE","4.4","{}","true","10","cmbt7dj660000s6if6p092iic","2025-06-12 09:57:54.1","2025-06-12 09:57:54.1",,,"false","{}",,""
"cmbt7grbl005us6f3rsu11z43","Choppe","Code produit: CHO","4.2","{}","true","10","cmbt7dj660000s6if6p092iic","2025-06-12 09:57:54.13","2025-06-12 09:57:54.13",,,"false","{}",,""
"cmbt7grcd005ws6f3sl8l5uix","Choppe Maithé modèle","Code produit: CHPE","3.9","{}","true","10","cmbt7dj660000s6if6p092iic","2025-06-12 09:57:54.157","2025-06-12 09:57:54.157",,,"false","{}",,""
"cmbt7grd6005ys6f393em9050","Cigale n°1","Code produit: CI1","6.8","{}","true","10","cmbt7dj660000s6if6p092iic","2025-06-12 09:57:54.187","2025-06-12 09:57:54.187",,,"false","{}",,""
"cmbt7grdz0060s6f3z9ggpazj","Cigale n°2","Code produit: CI2","5.5","{}","true","10","cmbt7dj660000s6if6p092iic","2025-06-12 09:57:54.216","2025-06-12 09:57:54.216",,,"false","{}",,""
"cmbt7grer0062s6f3jv7uw3ee","Cigale n°3","Code produit: CI3","4.8","{}","true","10","cmbt7dj660000s6if6p092iic","2025-06-12 09:57:54.244","2025-06-12 09:57:54.244",,,"false","{}",,""
"cmbt7grfm0064s6f3h0xcyyxd","Cigale n°4","Code produit: CI4","4.5","{}","true","10","cmbt7dj660000s6if6p092iic","2025-06-12 09:57:54.274","2025-06-12 09:57:54.274",,,"false","{}",,""
"cmbt7grgf0066s6f3781ds4zk","Cigale Rapette","Code produit: CIR","3","{}","true","10","cmbt7dj660000s6if6p092iic","2025-06-12 09:57:54.303","2025-06-12 09:57:54.303",,,"false","{}",,""
"cmbt7grh80068s6f34tnhwx35","Cendrier Marocain","Code produit: CM","5.3","{}","true","10","cmbt7dj660000s6if6p092iic","2025-06-12 09:57:54.333","2025-06-12 09:57:54.333",,,"false","{}",,""
"cmbt7gri2006as6f33s6prz4k","Cendrier Marocain Maxi","Code produit: CMAX","13","{}","true","10","cmbt7dj660000s6if6p092iic","2025-06-12 09:57:54.363","2025-06-12 09:57:54.363",,,"false","{}",,""
"cmbt7grix006cs6f35qo15ld5","Coupe Melon n°1","Code produit: CMG","7.9","{}","true","10","cmbt7dj660000s6if6p092iic","2025-06-12 09:57:54.393","2025-06-12 09:57:54.393",,,"false","{}",,""
"cmbt7grjq006es6f34o5v0r1e","Cendrier marocain geant","Code produit: CMGE","6.4","{}","true","10","cmbt7dj660000s6if6p092iic","2025-06-12 09:57:54.422","2025-06-12 09:57:54.422",,,"false","{}",,""
"cmbt7grkj006gs6f38x3nph7b","Coupe sur pied Mila","Code produit: CMIL","11","{}","true","10","cmbt7dj660000s6if6p092iic","2025-06-12 09:57:54.451","2025-06-12 09:57:54.451",,,"false","{}",,""
"cmbt7grlc006is6f3nokj76mj","Coupe Melon n°2","Code produit: CMM","5","{}","true","10","cmbt7dj660000s6if6p092iic","2025-06-12 09:57:54.481","2025-06-12 09:57:54.481",,,"false","{}",,""
"cmbt7grm6006ks6f3syikcbq4","Cendrier marocain mini","Code produit: CMMI","4.1","{}","true","10","cmbt7dj660000s6if6p092iic","2025-06-12 09:57:54.51","2025-06-12 09:57:54.51",,,"false","{}",,""
"cmbt7grn0006ms6f3oodvfb9k","Coquetier Moderne","Code produit: CMO","2.5","{}","true","10","cmbt7dj660000s6if6p092iic","2025-06-12 09:57:54.54","2025-06-12 09:57:54.54",,,"false","{}",,""
"cmbt7grnu006os6f3om146da0","Coupe Melon n°3","Code produit: CMP","3.9","{}","true","10","cmbt7dj660000s6if6p092iic","2025-06-12 09:57:54.57","2025-06-12 09:57:54.57",,,"false","{}",,""
"cmbt7grom006qs6f387zgwuu7","Codou","Code produit: COUD","5.1","{}","true","10","cmbt7dj660000s6if6p092iic","2025-06-12 09:57:54.599","2025-06-12 09:57:54.599",,,"false","{}",,""
"cmbt7grpg006ss6f328a0h3j5","Cache-Pot (GM)","Code produit: CPG","19","{}","true","10","cmbt7dj660000s6if6p092iic","2025-06-12 09:57:54.628","2025-06-12 09:57:54.628",,,"false","{}",,""
"cmbt7grqd006us6f3pka1n0xu","Cache-Pot (MM)","Code produit: CPM","9.5","{}","true","10","cmbt7dj660000s6if6p092iic","2025-06-12 09:57:54.661","2025-06-12 09:57:54.661",,,"false","{}",,""
"cmbt7grrb006ws6f386rvd9tl","Cache-Pot (PM)","Code produit: CPP","7.6","{}","true","10","cmbt7dj660000s6if6p092iic","2025-06-12 09:57:54.695","2025-06-12 09:57:54.695",,,"false","{}",,""
"cmbt7grsb006ys6f3oy3qzlla","Cendrier Rectangulaire","Code produit: CRE","4.7","{}","true","10","cmbt7dj660000s6if6p092iic","2025-06-12 09:57:54.731","2025-06-12 09:57:54.731",,,"false","{}",,""
"cmbt7grt50070s6f3x9aztdpk","Cendrier Rectangulaire (PM)","Code produit: CREP","4","{}","true","10","cmbt7dj660000s6if6p092iic","2025-06-12 09:57:54.761","2025-06-12 09:57:54.761",,,"false","{}",,""
"cmbt7grtz0072s6f3vl2g6v2e","Cruche (GM)","Code produit: CRG","26.9","{}","true","10","cmbt7dj660000s6if6p092iic","2025-06-12 09:57:54.791","2025-06-12 09:57:54.791",,,"false","{}",,""
"cmbt7grut0074s6f3tt5125e1","Cendrier Rond","Code produit: CRO","4","{}","true","10","cmbt7dj660000s6if6p092iic","2025-06-12 09:57:54.821","2025-06-12 09:57:54.821",,,"false","{}",,""
"cmbt7grvu0076s6f3co64atdo","Cruche (PM)","Code produit: CRP","21","{}","true","10","cmbt7dj660000s6if6p092iic","2025-06-12 09:57:54.858","2025-06-12 09:57:54.858",,,"false","{}",,""
"cmbt7grwu0078s6f3b1n0ra67","Coquetier Soucoupe","Code produit: CS","3","{}","true","10","cmbt7dj660000s6if6p092iic","2025-06-12 09:57:54.894","2025-06-12 09:57:54.894",,,"false","{}",,""
"cmbt7grxk007as6f3lpw80t23","Coquetier Simple","Code produit: CSI","2.8","{}","true","10","cmbt7dj660000s6if6p092iic","2025-06-12 09:57:54.921","2025-06-12 09:57:54.921",,,"false","{}",,""
"cmbt7gryc007cs6f3xjkzclk5","Cendrier Tourné ","Code produit: CT","4.3","{}","true","10","cmbt7dj660000s6if6p092iic","2025-06-12 09:57:54.948","2025-06-12 09:57:54.948",,,"false","{}",,""
"cmbt7grz5007es6f385qehieq","Couvercle","Code produit: CV","2","{}","true","10","cmbt7dj660000s6if6p092iic","2025-06-12 09:57:54.977","2025-06-12 09:57:54.977",,,"false","{}",,""
"cmbt7grzy007gs6f39yw2z9k9","Cyril","Code produit: CYR","4.7","{}","true","10","cmbt7dj660000s6if6p092iic","2025-06-12 09:57:55.006","2025-06-12 09:57:55.006",,,"false","{}",,""
"cmbt7gs0v007is6f36p4eovtj","Coupelle Zen (GM)","Code produit: CZEG","3.5","{}","true","10","cmbt7dj660000s6if6p092iic","2025-06-12 09:57:55.039","2025-06-12 09:57:55.039",,,"false","{}",,""
"cmbt7gs1q007ks6f3llksp47v","Coupelle Zen (PM)","Code produit: CZEP","3.5","{}","true","10","cmbt7dj660000s6if6p092iic","2025-06-12 09:57:55.07","2025-06-12 09:57:55.07",,,"false","{}",,""
"cmbt7gs2k007ms6f30g4c90go","Dessous D'asperge","Code produit: DA","5.2","{}","true","10","cmbt7dj660000s6if6p092iic","2025-06-12 09:57:55.101","2025-06-12 09:57:55.101",,,"false","{}",,""
"cmbt7gs3c007os6f36diuvo7d","Daubière avec Couvercle","Code produit: DAC","30","{}","true","10","cmbt7dj660000s6if6p092iic","2025-06-12 09:57:55.129","2025-06-12 09:57:55.129",,,"false","{}",,""
"cmbt7gs43007qs6f3gi46068i","Diffuseur à Parfum","Code produit: DAP","3.1","{}","true","10","cmbt7dj660000s6if6p092iic","2025-06-12 09:57:55.156","2025-06-12 09:57:55.156",,,"false","{}",,""
"cmbt7gs4v007ss6f381h0cz2z","Dessous de Beurrier","Code produit: DB","3","{}","true","10","cmbt7dj660000s6if6p092iic","2025-06-12 09:57:55.184","2025-06-12 09:57:55.184",,,"false","{}",,""
"cmbt7gs5n007us6f3pvy5i1ho","Dessous de Bouteille (GM)","Code produit: DBG","3.2","{}","true","10","cmbt7dj660000s6if6p092iic","2025-06-12 09:57:55.212","2025-06-12 09:57:55.212",,,"false","{}",,""
"cmbt7gs6h007ws6f39rwxtvga","Dessous de Bouteille (PM)","Code produit: DBP","3","{}","true","10","cmbt7dj660000s6if6p092iic","2025-06-12 09:57:55.241","2025-06-12 09:57:55.241",,,"false","{}",,""
"cmbt7gs79007ys6f31j77flez","Dessous de Brique à vin","Code produit: DBV","3.5","{}","true","10","cmbt7dj660000s6if6p092iic","2025-06-12 09:57:55.269","2025-06-12 09:57:55.269",,,"false","{}",,""
"cmbt7gs810080s6f35xrce45j","Dessous de Diffuseur","Code produit: DD","2.2","{}","true","10","cmbt7dj660000s6if6p092iic","2025-06-12 09:57:55.297","2025-06-12 09:57:55.297",,,"false","{}",,""
"cmbt7gs8t0082s6f3o34bhetj","Dessous de Plat","Code produit: DP","4.2","{}","true","10","cmbt7dj660000s6if6p092iic","2025-06-12 09:57:55.325","2025-06-12 09:57:55.325",,,"false","{}",,""
"cmbt7gs9m0084s6f3fsb32twe","Dessous de Plat Carré","Code produit: DPC","4.5","{}","true","10","cmbt7dj660000s6if6p092iic","2025-06-12 09:57:55.355","2025-06-12 09:57:55.355",,,"false","{}",,""
"cmbt7gsai0086s6f3oxtyf97j","Dessous de Plat Fleur","Code produit: DPF","4.5","{}","true","10","cmbt7dj660000s6if6p092iic","2025-06-12 09:57:55.386","2025-06-12 09:57:55.386",,,"false","{}",,""
"cmbt7gsbb0088s6f34ybd5f55","Dessous de Plat (GM)","Code produit: DPGM","7.3","{}","true","10","cmbt7dj660000s6if6p092iic","2025-06-12 09:57:55.415","2025-06-12 09:57:55.415",,,"false","{}",,""
"cmbt7gsc4008as6f3a4ny1lae","Assiette dessert carré pointu","Code produit: DPOI","4.5","{}","true","10","cmbt7dj660000s6if6p092iic","2025-06-12 09:57:55.445","2025-06-12 09:57:55.445",,,"false","{}",,""
"cmbt7gscx008cs6f3nqg9h0xc","Escargot X 12","Code produit: E12","8","{}","true","10","cmbt7dj660000s6if6p092iic","2025-06-12 09:57:55.473","2025-06-12 09:57:55.473",,,"false","{}",,""
"cmbt7gsdp008es6f3tdfhdsqi","Escargot X 6","Code produit: E6","6","{}","true","10","cmbt7dj660000s6if6p092iic","2025-06-12 09:57:55.501","2025-06-12 09:57:55.501",,,"false","{}",,""
"cmbt7gsej008gs6f33vl0vg5u","Eli","Code produit: ELI","4.6","{}","true","10","cmbt7dj660000s6if6p092iic","2025-06-12 09:57:55.532","2025-06-12 09:57:55.532",,,"false","{}",,""
"cmbt7gsfe008is6f3msq44peb","Elise","Code produit: ELIS","4.7","{}","true","10","cmbt7dj660000s6if6p092iic","2025-06-12 09:57:55.562","2025-06-12 09:57:55.562",,,"false","{}",,""
"cmbt7gsg8008ks6f3ogpno7qd","Eric","Code produit: ERI","4.7","{}","true","10","cmbt7dj660000s6if6p092iic","2025-06-12 09:57:55.592","2025-06-12 09:57:55.592",,,"false","{}",,""
"cmbt7gsh4008ms6f3raw36oi6","Erwan","Code produit: ERW","15.5","{}","true","10","cmbt7dj660000s6if6p092iic","2025-06-12 09:57:55.624","2025-06-12 09:57:55.624",,,"false","{}",,""
"cmbt7gshz008os6f3qbj4wt8y","Fleur de Sel (GM)","Code produit: FDSG","7","{}","true","10","cmbt7dj660000s6if6p092iic","2025-06-12 09:57:55.655","2025-06-12 09:57:55.655",,,"false","{}",,""
"cmbt7gsj2008qs6f3glfdhyy1","Fleur de Sel (PM)","Code produit: FDSP","5","{}","true","10","cmbt7dj660000s6if6p092iic","2025-06-12 09:57:55.694","2025-06-12 09:57:55.694",,,"false","{}",,""
"cmbt7gsjv008ss6f3kjc5qbj6","Grosse Boule avec bec","Code produit: GBO","20","{}","true","10","cmbt7dj660000s6if6p092iic","2025-06-12 09:57:55.723","2025-06-12 09:57:55.723",,,"false","{}",,""
"cmbt7gskn008us6f306v8hqlt","Gargoulette (GM)","Code produit: GG","20","{}","true","10","cmbt7dj660000s6if6p092iic","2025-06-12 09:57:55.751","2025-06-12 09:57:55.751",,,"false","{}",,""
"cmbt7gslh008ws6f3dbm3dzu2","Gargoulette (PM)","Code produit: GP","15","{}","true","10","cmbt7dj660000s6if6p092iic","2025-06-12 09:57:55.782","2025-06-12 09:57:55.782",,,"false","{}",,""
"cmbt7gsml008ys6f37qbkrop5","Légumier conique OLIVIER","Code produit: LCO","9.7","{}","true","10","cmbt7dj660000s6if6p092iic","2025-06-12 09:57:55.822","2025-06-12 09:57:55.822",,,"false","{}",,""
"cmbt7gsnh0090s6f391umgkhc","Légumier (GM)","Code produit: LE","9.7","{}","true","10","cmbt7dj660000s6if6p092iic","2025-06-12 09:57:55.853","2025-06-12 09:57:55.853",,,"false","{}",,""
"cmbt7gsoa0092s6f3jnhvlfj9","Légumier n° 1 Marly","Code produit: LE 1","6.5","{}","true","10","cmbt7dj660000s6if6p092iic","2025-06-12 09:57:55.882","2025-06-12 09:57:55.882",,,"false","{}",,""
"cmbt7gsp50094s6f3bp0g7uog","Légumier n° 2 Marly","Code produit: LE 2","6","{}","true","10","cmbt7dj660000s6if6p092iic","2025-06-12 09:57:55.913","2025-06-12 09:57:55.913",,,"false","{}",,""
"cmbt7gspy0096s6f3u7cdyxd5","Légumier n° 3 Marly","Code produit: LE 3","5","{}","true","10","cmbt7dj660000s6if6p092iic","2025-06-12 09:57:55.942","2025-06-12 09:57:55.942",,,"false","{}",,""
"cmbt7gsqs0098s6f3v1xr62je","Légumier (MM)","Code produit: LEM","6.99","{}","true","10","cmbt7dj660000s6if6p092iic","2025-06-12 09:57:55.972","2025-06-12 09:57:55.972",,,"false","{}",,""
"cmbt7gsrn009as6f3l1uv3lfs","Légumier (PM)","Code produit: LEP","5.99","{}","true","10","cmbt7dj660000s6if6p092iic","2025-06-12 09:57:56.004","2025-06-12 09:57:56.004",,,"false","{}",,""
"cmbt7gssg009cs6f380j48gmc","Lézard","Code produit: LEZ","6","{}","true","10","cmbt7dj660000s6if6p092iic","2025-06-12 09:57:56.033","2025-06-12 09:57:56.033",,,"false","{}",,""
"cmbt7gsta009es6f3i4bod7kp","Légumier Fleur de 26 cm","Code produit: LFG","7.2","{}","true","10","cmbt7dj660000s6if6p092iic","2025-06-12 09:57:56.062","2025-06-12 09:57:56.062",,,"false","{}",,""
"cmbt7gsu6009gs6f3erflrm2k","Légumier Fleur de 22 cm","Code produit: LFM","5.2","{}","true","10","cmbt7dj660000s6if6p092iic","2025-06-12 09:57:56.094","2025-06-12 09:57:56.094",,,"false","{}",,""
"cmbt7gsv1009is6f3esvjkjvq","Lave-Mains Bas (GM)","Code produit: LMBG","15","{}","true","10","cmbt7dj660000s6if6p092iic","2025-06-12 09:57:56.125","2025-06-12 09:57:56.125",,,"false","{}",,""
"cmbt7gsvx009ks6f3ezo4vdaf","Lave-Mains Bas (MM)","Code produit: LMBM","10","{}","true","10","cmbt7dj660000s6if6p092iic","2025-06-12 09:57:56.157","2025-06-12 09:57:56.157",,,"false","{}",,""
"cmbt7gswq009ms6f32vtm6be8","Lave-Mains Bas (PM)","Code produit: LMBP","6.8","{}","true","10","cmbt7dj660000s6if6p092iic","2025-06-12 09:57:56.186","2025-06-12 09:57:56.186",,,"false","{}",,""
"cmbt7gsxi009os6f3ag2xak1k","Lave-Mains Dessus (GM)","Code produit: LMDG","18","{}","true","10","cmbt7dj660000s6if6p092iic","2025-06-12 09:57:56.214","2025-06-12 09:57:56.214",,,"false","{}",,""
"cmbt7gsya009qs6f304ikv364","Lave-Mains Dessus (MM)","Code produit: LMDM","13","{}","true","10","cmbt7dj660000s6if6p092iic","2025-06-12 09:57:56.243","2025-06-12 09:57:56.243",,,"false","{}",,""
"cmbt7gsz3009ss6f3bz2dm5mx","Lave-Mains Dessus (PM)","Code produit: LMDP","7","{}","true","10","cmbt7dj660000s6if6p092iic","2025-06-12 09:57:56.271","2025-06-12 09:57:56.271",,,"false","{}",,""
"cmbt7gszx009us6f39tn8yus6","Lave-Mains (GM)","Code produit: LMG","30","{}","true","10","cmbt7dj660000s6if6p092iic","2025-06-12 09:57:56.302","2025-06-12 09:57:56.302",,,"false","{}",,""
"cmbt7gt0q009ws6f3hk6epbau","Lave-Mains (MM)","Code produit: LMM","20","{}","true","10","cmbt7dj660000s6if6p092iic","2025-06-12 09:57:56.33","2025-06-12 09:57:56.33",,,"false","{}",,""
"cmbt7gt1i009ys6f337h8c668","Lave-Mains (PM)","Code produit: LMP","14","{}","true","10","cmbt7dj660000s6if6p092iic","2025-06-12 09:57:56.358","2025-06-12 09:57:56.358",,,"false","{}",,""
"cmbt7gt2a00a0s6f3912n6cl6","Assiette Louis XV Pendule","Code produit: LXVP","8","{}","true","10","cmbt7dj660000s6if6p092iic","2025-06-12 09:57:56.386","2025-06-12 09:57:56.386",,,"false","{}",,""
"cmbt7gt3500a2s6f3aohxsedr","Marie","Code produit: MAR","4.7","{}","true","10","cmbt7dj660000s6if6p092iic","2025-06-12 09:57:56.418","2025-06-12 09:57:56.418",,,"false","{}",,""
"cmbt7gt3y00a4s6f3bvf3ou99","Marmite Culinaire Géante avec Couvercle","Code produit: MARM","49","{}","true","10","cmbt7dj660000s6if6p092iic","2025-06-12 09:57:56.446","2025-06-12 09:57:56.446",,,"false","{}",,""
"cmbt7gt4q00a6s6f3m2a6qm4r","Main à Sel","Code produit: MASE","5.2","{}","true","10","cmbt7dj660000s6if6p092iic","2025-06-12 09:57:56.475","2025-06-12 09:57:56.475",,,"false","{}",,""
"cmbt7gt5k00a8s6f3u7nls9p6","Mazagran","Code produit: MAZ","4.1","{}","true","10","cmbt7dj660000s6if6p092iic","2025-06-12 09:57:56.504","2025-06-12 09:57:56.504",,,"false","{}",,""
"cmbt7gt6c00aas6f3m11rm9su","Moutardier avec Couvercle","Code produit: MC","4.3","{}","true","10","cmbt7dj660000s6if6p092iic","2025-06-12 09:57:56.532","2025-06-12 09:57:56.532",,,"false","{}",,""
"cmbt7gt7700acs6f3n05v2p9m","Mug conique","Code produit: MCO","3.8","{}","true","10","cmbt7dj660000s6if6p092iic","2025-06-12 09:57:56.563","2025-06-12 09:57:56.563",,,"false","{}",,""
"cmbt7gt7z00aes6f3katxwrfp","Mug droit","Code produit: MD","3.8","{}","true","10","cmbt7dj660000s6if6p092iic","2025-06-12 09:57:56.591","2025-06-12 09:57:56.591",,,"false","{}",,""
"cmbt7gt8s00ags6f3wuerq77a","Mecanisme Pendule","Code produit: MEC","6.5","{}","true","10","cmbt7dj660000s6if6p092iic","2025-06-12 09:57:56.62","2025-06-12 09:57:56.62",,,"false","{}",,""
"cmbt7gt9m00ais6f3bw2qcxql","Minglie","Code produit: MIN","4.6","{}","true","10","cmbt7dj660000s6if6p092iic","2025-06-12 09:57:56.651","2025-06-12 09:57:56.651",,,"false","{}",,""
"cmbt7gtag00aks6f30r0uirmf","Mini Ramequin","Code produit: MRA","2.7","{}","true","10","cmbt7dj660000s6if6p092iic","2025-06-12 09:57:56.68","2025-06-12 09:57:56.68",,,"false","{}",,""
"cmbt7gtba00ams6f38antes0w","Musique","Code produit: MUS","6.8","{}","true","10","cmbt7dj660000s6if6p092iic","2025-06-12 09:57:56.71","2025-06-12 09:57:56.71",,,"false","{}",,""
"cmbt7gtc500aos6f3clxuxrk3","Odile","Code produit: ODIL","4.7","{}","true","10","cmbt7dj660000s6if6p092iic","2025-06-12 09:57:56.741","2025-06-12 09:57:56.741",,,"false","{}",,""
"cmbt7gtcy00aqs6f3tv3eriml","Olives & Noyaux","Code produit: ON","3.9","{}","true","10","cmbt7dj660000s6if6p092iic","2025-06-12 09:57:56.77","2025-06-12 09:57:56.77",,,"false","{}",,""
"cmbt7gtdq00ass6f38yd6bc09","Poellon de 10 cm","Code produit: P10","4.5","{}","true","10","cmbt7dj660000s6if6p092iic","2025-06-12 09:57:56.798","2025-06-12 09:57:56.798",,,"false","{}",,""
"cmbt7gtek00aus6f32d72698d","Poellon de 15 cm","Code produit: P15","5","{}","true","10","cmbt7dj660000s6if6p092iic","2025-06-12 09:57:56.828","2025-06-12 09:57:56.828",,,"false","{}",,""
"cmbt7gtfg00aws6f34t71wovk","Poellon de 20 cm","Code produit: P20","6.5","{}","true","10","cmbt7dj660000s6if6p092iic","2025-06-12 09:57:56.86","2025-06-12 09:57:56.86",,,"false","{}",,""
"cmbt7gtg900ays6f3l6w1ftov","Poellon de 25 cm","Code produit: P25","8.5","{}","true","10","cmbt7dj660000s6if6p092iic","2025-06-12 09:57:56.89","2025-06-12 09:57:56.89",,,"false","{}",,""
"cmbt7gth300b0s6f3dr6ms47h","Plat à Aspèrges","Code produit: PA","9.5","{}","true","10","cmbt7dj660000s6if6p092iic","2025-06-12 09:57:56.919","2025-06-12 09:57:56.919",,,"false","{}",,""
"cmbt7gthy00b2s6f305d3p8pm","Plat à Cake","Code produit: PAC","5.7","{}","true","10","cmbt7dj660000s6if6p092iic","2025-06-12 09:57:56.95","2025-06-12 09:57:56.95",,,"false","{}",,""
"cmbt7gtis00b4s6f3y0610s0x","Pot à Crayon Ecrasé","Code produit: PACE","3.7","{}","true","10","cmbt7dj660000s6if6p092iic","2025-06-12 09:57:56.98","2025-06-12 09:57:56.98",,,"false","{}",,""
"cmbt7gtjm00b6s6f3zb0d671h","Pot à Crayon (GM)","Code produit: PACG","4.2","{}","true","10","cmbt7dj660000s6if6p092iic","2025-06-12 09:57:57.01","2025-06-12 09:57:57.01",,,"false","{}",,""
"cmbt7gtki00b8s6f3wrownct0","Pot à Crayon (PM)","Code produit: PACP","3.5","{}","true","10","cmbt7dj660000s6if6p092iic","2025-06-12 09:57:57.042","2025-06-12 09:57:57.042",,,"false","{}",,""
"cmbt7gtld00bas6f30a2abxqe","Plat Aile (GM)","Code produit: PAG","14","{}","true","10","cmbt7dj660000s6if6p092iic","2025-06-12 09:57:57.073","2025-06-12 09:57:57.073",,,"false","{}",,""
"cmbt7gtm600bcs6f34nc9w4xg","Pot à Ail avec Couvercle","Code produit: PAIC","6.5","{}","true","10","cmbt7dj660000s6if6p092iic","2025-06-12 09:57:57.102","2025-06-12 09:57:57.102",,,"false","{}",,""
"cmbt7gtmz00bes6f3njkw045i","Plat Aile (MM)","Code produit: PAM","9","{}","true","10","cmbt7dj660000s6if6p092iic","2025-06-12 09:57:57.131","2025-06-12 09:57:57.131",,,"false","{}",,""
"cmbt7gtnr00bgs6f3ilj5woht","Pot à Miel","Code produit: PAMI","5.2","{}","true","10","cmbt7dj660000s6if6p092iic","2025-06-12 09:57:57.16","2025-06-12 09:57:57.16",,,"false","{}",,""
"cmbt7gtoo00bis6f3a9md1597","Plat Aile (PM)","Code produit: PAP","4.2","{}","true","10","cmbt7dj660000s6if6p092iic","2025-06-12 09:57:57.192","2025-06-12 09:57:57.192",,,"false","{}",,""
"cmbt7gtpi00bks6f3gla9ywjb","Assiette à Pain","Code produit: PAPA","2.5","{}","true","10","cmbt7dj660000s6if6p092iic","2025-06-12 09:57:57.223","2025-06-12 09:57:57.223",,,"false","{}",,""
"cmbt7gtqb00bms6f3poo5ntvy","Pot à Spaghetti","Code produit: PAS","7.8","{}","true","10","cmbt7dj660000s6if6p092iic","2025-06-12 09:57:57.252","2025-06-12 09:57:57.252",,,"false","{}",,""
"cmbt7gtr400bos6f3hj0qufbc","Pascal","Code produit: PASC","4.6","{}","true","10","cmbt7dj660000s6if6p092iic","2025-06-12 09:57:57.281","2025-06-12 09:57:57.281",,,"false","{}",,""
"cmbt7gtry00bqs6f33up4b1kh","Paul","Code produit: PAU","11.5","{}","true","10","cmbt7dj660000s6if6p092iic","2025-06-12 09:57:57.31","2025-06-12 09:57:57.31",,,"false","{}",,""
"cmbt7gtsv00bss6f3hbzh0aqm","Plat à Brochettes","Code produit: PB","11","{}","true","10","cmbt7dj660000s6if6p092iic","2025-06-12 09:57:57.344","2025-06-12 09:57:57.344",,,"false","{}",,""
"cmbt7gtto00bus6f3so9paren","Pichet Bistro (GM)","Code produit: PBIG","6.8","{}","true","10","cmbt7dj660000s6if6p092iic","2025-06-12 09:57:57.373","2025-06-12 09:57:57.373",,,"false","{}",,""
"cmbt7gtul00bws6f3swt1m8ov","Pichet Bistro (PM)","Code produit: PBIP","5.5","{}","true","10","cmbt7dj660000s6if6p092iic","2025-06-12 09:57:57.405","2025-06-12 09:57:57.405",,,"false","{}",,""
"cmbt7gtvk00bys6f3j3knftu7","Pichet Boule (GM)","Code produit: PBOG","6.8","{}","true","10","cmbt7dj660000s6if6p092iic","2025-06-12 09:57:57.44","2025-06-12 09:57:57.44",,,"false","{}",,""
"cmbt7gtwd00c0s6f3fiixcb3v","Pichet Boule (PM)","Code produit: PBOP","5.5","{}","true","10","cmbt7dj660000s6if6p092iic","2025-06-12 09:57:57.469","2025-06-12 09:57:57.469",,,"false","{}",,""
"cmbt7gtx600c2s6f3qrnev00h","Poisson Creuse","Code produit: PC","4.5","{}","true","10","cmbt7dj660000s6if6p092iic","2025-06-12 09:57:57.498","2025-06-12 09:57:57.498",,,"false","{}",,""
"cmbt7gty200c4s6f39z5is3ws","Carafe","Code produit: PCAR","4.5","{}","true","10","cmbt7dj660000s6if6p092iic","2025-06-12 09:57:57.53","2025-06-12 09:57:57.53",,,"false","{}",,""
"cmbt7gtyv00c6s6f3fsx1fdcx","Pot à Cheminée n° 1 avec Couvercle","Code produit: PCC1","12","{}","true","10","cmbt7dj660000s6if6p092iic","2025-06-12 09:57:57.559","2025-06-12 09:57:57.559",,,"false","{}",,""
"cmbt7gtzq00c8s6f34vhan8z2","Pot à Cheminée n° 2 avec Couvercle","Code produit: PCC2","10","{}","true","10","cmbt7dj660000s6if6p092iic","2025-06-12 09:57:57.59","2025-06-12 09:57:57.59",,,"false","{}",,""
"cmbt7gu0j00cas6f3039jbpcy","Pot à Cheminée n° 3 avec Couvercle","Code produit: PCC3","7.5","{}","true","10","cmbt7dj660000s6if6p092iic","2025-06-12 09:57:57.619","2025-06-12 09:57:57.619",,,"false","{}",,""
"cmbt7gu1e00ccs6f3oux9qfsj","Pot à Cheminée n° 4 avec Couvercle","Code produit: PCC4","6","{}","true","10","cmbt7dj660000s6if6p092iic","2025-06-12 09:57:57.65","2025-06-12 09:57:57.65",,,"false","{}",,""
"cmbt7gu2700ces6f3zkcn9rmv","Pot à Cheminée n° 5 avec Couvercle","Code produit: PCC5","4.9","{}","true","10","cmbt7dj660000s6if6p092iic","2025-06-12 09:57:57.679","2025-06-12 09:57:57.679",,,"false","{}",,""
"cmbt7gu3000cgs6f36nje6qlw","Pichet Cruche (GM)","Code produit: PCG","6.8","{}","true","10","cmbt7dj660000s6if6p092iic","2025-06-12 09:57:57.709","2025-06-12 09:57:57.709",,,"false","{}",,""
"cmbt7gu3u00cis6f3rel4y4wf","Plat à Gratin Carré (GM) Ansé","Code produit: PCGA","15.5","{}","true","10","cmbt7dj660000s6if6p092iic","2025-06-12 09:57:57.738","2025-06-12 09:57:57.738",,,"false","{}",,""
"cmbt7gu4s00cks6f38pj1ko7c","Plat à Gratin Carré (MM) Ansé","Code produit: PCMA","9.2","{}","true","10","cmbt7dj660000s6if6p092iic","2025-06-12 09:57:57.772","2025-06-12 09:57:57.772",,,"false","{}",,""
"cmbt7gu5m00cms6f3yipqzqji","Pichet conique (GM)","Code produit: PCOG","6.8","{}","true","10","cmbt7dj660000s6if6p092iic","2025-06-12 09:57:57.802","2025-06-12 09:57:57.802",,,"false","{}",,""
"cmbt7gu6f00cos6f33xllq9y5","Pichet conique (PM)","Code produit: PCOP","5.5","{}","true","10","cmbt7dj660000s6if6p092iic","2025-06-12 09:57:57.831","2025-06-12 09:57:57.831",,,"false","{}",,""
"cmbt7gu7800cqs6f3bzppuydu","Pichet Cruche (PM)","Code produit: PCP","5.5","{}","true","10","cmbt7dj660000s6if6p092iic","2025-06-12 09:57:57.86","2025-06-12 09:57:57.86",,,"false","{}",,""
"cmbt7gu8200css6f3ruzsfmr1","Plat à Gratin Carré (PM) Ansé","Code produit: PCPA","7.3","{}","true","10","cmbt7dj660000s6if6p092iic","2025-06-12 09:57:57.89","2025-06-12 09:57:57.89",,,"false","{}",,""
"cmbt7gu8x00cus6f32n2acz7e","Pot à Cheminée n° 1 sans Couvercle","Code produit: PCSC1","6","{}","true","10","cmbt7dj660000s6if6p092iic","2025-06-12 09:57:57.922","2025-06-12 09:57:57.922",,,"false","{}",,""
"cmbt7gu9q00cws6f3vftmqa6t","Pot à Cheminée n° 2 sans Couvercle","Code produit: PCSC2","5.3","{}","true","10","cmbt7dj660000s6if6p092iic","2025-06-12 09:57:57.951","2025-06-12 09:57:57.951",,,"false","{}",,""
"cmbt7guak00cys6f3774mtfia","Pot à Cheminée n° 3 sans Couvercle","Code produit: PCSC3","4.6","{}","true","10","cmbt7dj660000s6if6p092iic","2025-06-12 09:57:57.98","2025-06-12 09:57:57.98",,,"false","{}",,""
"cmbt7gube00d0s6f3mzr8i3k2","Pot à Cheminée n° 4 sans Couvercle","Code produit: PCSC4","4.2","{}","true","10","cmbt7dj660000s6if6p092iic","2025-06-12 09:57:58.01","2025-06-12 09:57:58.01",,,"false","{}",,""
"cmbt7guc700d2s6f34tzc3x7h","Pot à Cheminée n° 5 sans Couvercle","Code produit: PCSC5","3.3","{}","true","10","cmbt7dj660000s6if6p092iic","2025-06-12 09:57:58.04","2025-06-12 09:57:58.04",,,"false","{}",,""
"cmbt7gud000d4s6f3213kdbin","Pot de Chambre","Code produit: PDC","10","{}","true","10","cmbt7dj660000s6if6p092iic","2025-06-12 09:57:58.069","2025-06-12 09:57:58.069",,,"false","{}",,""
"cmbt7gudu00d6s6f3vqpbikue","Pichet Droit (GM)","Code produit: PDG","6.8","{}","true","10","cmbt7dj660000s6if6p092iic","2025-06-12 09:57:58.099","2025-06-12 09:57:58.099",,,"false","{}",,""
"cmbt7gueo00d8s6f3lj3xe1li","Pied de Lampe","Code produit: PDL","25","{}","true","10","cmbt7dj660000s6if6p092iic","2025-06-12 09:57:58.128","2025-06-12 09:57:58.128",,,"false","{}",,""
"cmbt7gufh00das6f3fqjmldd4","Pichet Droit (PM)","Code produit: PDP","5.5","{}","true","10","cmbt7dj660000s6if6p092iic","2025-06-12 09:57:58.157","2025-06-12 09:57:58.157",,,"false","{}",,""
"cmbt7guga00dcs6f3hlypxm6f","Porte éponge boule","Code produit: PE","5","{}","true","10","cmbt7dj660000s6if6p092iic","2025-06-12 09:57:58.186","2025-06-12 09:57:58.186",,,"false","{}",,""
"cmbt7guh400des6f3e0k0x2da","Pichet Eau (GM)","Code produit: PEG","6.8","{}","true","10","cmbt7dj660000s6if6p092iic","2025-06-12 09:57:58.217","2025-06-12 09:57:58.217",,,"false","{}",,""
"cmbt7guhz00dgs6f3r3l959wo","Pendule Fleur","Code produit: PEN","7.5","{}","true","10","cmbt7dj660000s6if6p092iic","2025-06-12 09:57:58.247","2025-06-12 09:57:58.247",,,"false","{}",,""
"cmbt7guiu00dis6f35wrjofd8","Pendule Carré","Code produit: PENC","7","{}","true","10","cmbt7dj660000s6if6p092iic","2025-06-12 09:57:58.279","2025-06-12 09:57:58.279",,,"false","{}",,""
"cmbt7gujn00dks6f38vt8kqan","Pichet Eau (PM)","Code produit: PEP","5.5","{}","true","10","cmbt7dj660000s6if6p092iic","2025-06-12 09:57:58.308","2025-06-12 09:57:58.308",,,"false","{}",,""
"cmbt7gukh00dms6f3gst04pyb","Pique-Fleurs","Code produit: PF","5.5","{}","true","10","cmbt7dj660000s6if6p092iic","2025-06-12 09:57:58.337","2025-06-12 09:57:58.337",,,"false","{}",,""
"cmbt7gula00dos6f3phwgwypc","Porte-Filtre à Café","Code produit: PFC","5","{}","true","10","cmbt7dj660000s6if6p092iic","2025-06-12 09:57:58.366","2025-06-12 09:57:58.366",,,"false","{}",,""
"cmbt7gum500dqs6f3g6lpn9l3","Plateau à Fromage (PM)","Code produit: PFP","8","{}","true","10","cmbt7dj660000s6if6p092iic","2025-06-12 09:57:58.397","2025-06-12 09:57:58.397",,,"false","{}",,""
"cmbt7gumy00dss6f3tcle93q6","Plat à Gratin Rond (GM) Ansé","Code produit: PGGA","14","{}","true","10","cmbt7dj660000s6if6p092iic","2025-06-12 09:57:58.426","2025-06-12 09:57:58.426",,,"false","{}",,""
"cmbt7guns00dus6f3oj1t2fhf","Panier (GM)","Code produit: PGM","8","{}","true","10","cmbt7dj660000s6if6p092iic","2025-06-12 09:57:58.457","2025-06-12 09:57:58.457",,,"false","{}",,""
"cmbt7guol00dws6f3bt489rko","Plat à Gratin Rond (MM) Ansé","Code produit: PGMA","8.5","{}","true","10","cmbt7dj660000s6if6p092iic","2025-06-12 09:57:58.485","2025-06-12 09:57:58.485",,,"false","{}",,""
"cmbt7gupc00dys6f33d4tdx12","Panier Fleur (GM)","Code produit: PGMF","8","{}","true","10","cmbt7dj660000s6if6p092iic","2025-06-12 09:57:58.513","2025-06-12 09:57:58.513",,,"false","{}",,""
"cmbt7guq500e0s6f3v8sz9dpg","Plat à Gratin Ovale n° 1","Code produit: PGO1","12","{}","true","10","cmbt7dj660000s6if6p092iic","2025-06-12 09:57:58.541","2025-06-12 09:57:58.541",,,"false","{}",,""
"cmbt7guqy00e2s6f3mba2xong","Plat à Gratin Ovale n° 2","Code produit: PGO2","9","{}","true","10","cmbt7dj660000s6if6p092iic","2025-06-12 09:57:58.57","2025-06-12 09:57:58.57",,,"false","{}",,""
"cmbt7gurs00e4s6f3sxtrin7j","Plat à Gratin Ovale n° 3","Code produit: PGO3","7.3","{}","true","10","cmbt7dj660000s6if6p092iic","2025-06-12 09:57:58.6","2025-06-12 09:57:58.6",,,"false","{}",,""
"cmbt7guso00e6s6f38n7lyeq2","Plat à Gratin Ovale n° 4","Code produit: PGO4","4.7","{}","true","10","cmbt7dj660000s6if6p092iic","2025-06-12 09:57:58.632","2025-06-12 09:57:58.632",,,"false","{}",,""
"cmbt7guth00e8s6f3paonu1xg","Plat à Gratin Ovale n° 5","Code produit: PGO5","4","{}","true","10","cmbt7dj660000s6if6p092iic","2025-06-12 09:57:58.662","2025-06-12 09:57:58.662",,,"false","{}",,""
"cmbt7guua00eas6f3i1qqfhmp","Plat à Gratin Rond (PM) Ansé","Code produit: PGPA","7.3","{}","true","10","cmbt7dj660000s6if6p092iic","2025-06-12 09:57:58.69","2025-06-12 09:57:58.69",,,"false","{}",,""
"cmbt7guv300ecs6f335eg33j1","Plat à Gratin Rect n° 1","Code produit: PGR1","12","{}","true","10","cmbt7dj660000s6if6p092iic","2025-06-12 09:57:58.719","2025-06-12 09:57:58.719",,,"false","{}",,""
"cmbt7guvw00ees6f3yv31pyo7","Plat à Gratin Rect n° 2","Code produit: PGR2","9","{}","true","10","cmbt7dj660000s6if6p092iic","2025-06-12 09:57:58.748","2025-06-12 09:57:58.748",,,"false","{}",,""
"cmbt7guwp00egs6f32nig864w","Plat à Gratin Rect n° 3","Code produit: PGR3","6.8","{}","true","10","cmbt7dj660000s6if6p092iic","2025-06-12 09:57:58.777","2025-06-12 09:57:58.777",,,"false","{}",,""
"cmbt7guxj00eis6f3xq0ed5sp","Plat à Gratin Rect n° 4","Code produit: PGR4","4.7","{}","true","10","cmbt7dj660000s6if6p092iic","2025-06-12 09:57:58.807","2025-06-12 09:57:58.807",,,"false","{}",,""
"cmbt7guyd00eks6f36viqg7pg","Plat à Gratin Rect n° 5","Code produit: PGR5","4","{}","true","10","cmbt7dj660000s6if6p092iic","2025-06-12 09:57:58.837","2025-06-12 09:57:58.837",,,"false","{}",,""
"cmbt7guz700ems6f3gz5ge32f","Plat à Gratin Rond (GM)","Code produit: PGT1","11","{}","true","10","cmbt7dj660000s6if6p092iic","2025-06-12 09:57:58.868","2025-06-12 09:57:58.868",,,"false","{}",,""
"cmbt7gv0000eos6f33zxjnf6n","Plat à Gratin Rond (MM)","Code produit: PGT2","8.9","{}","true","10","cmbt7dj660000s6if6p092iic","2025-06-12 09:57:58.896","2025-06-12 09:57:58.896",,,"false","{}",,""
"cmbt7gv0t00eqs6f3wxnx845d","Plat à Gratin Rond (PM)","Code produit: PGT3","6.9","{}","true","10","cmbt7dj660000s6if6p092iic","2025-06-12 09:57:58.925","2025-06-12 09:57:58.925",,,"false","{}",,""
"cmbt7gv1m00ess6f3714g5nn1","Pot à Herbes","Code produit: PH","4","{}","true","10","cmbt7dj660000s6if6p092iic","2025-06-12 09:57:58.955","2025-06-12 09:57:58.955",,,"false","{}",,""
"cmbt7gv2f00eus6f3nthfgmpv","Pichet liseré  geant","Code produit: PIGE","8","{}","true","10","cmbt7dj660000s6if6p092iic","2025-06-12 09:57:58.983","2025-06-12 09:57:58.983",,,"false","{}",,""
"cmbt7gv3e00ews6f3hjbiz3tf","Pichet liseré gm","Code produit: PIGM","6.8","{}","true","10","cmbt7dj660000s6if6p092iic","2025-06-12 09:57:59.018","2025-06-12 09:57:59.018",,,"false","{}",,""
"cmbt7gv4b00eys6f3vilp31a0","Pichet à Pastis","Code produit: PIP","8","{}","true","10","cmbt7dj660000s6if6p092iic","2025-06-12 09:57:59.052","2025-06-12 09:57:59.052",,,"false","{}",,""
"cmbt7gv5900f0s6f3z5pdvn73","Pichet liseré pm","Code produit: PIPM","5.5","{}","true","10","cmbt7dj660000s6if6p092iic","2025-06-12 09:57:59.085","2025-06-12 09:57:59.085",,,"false","{}",,""
"cmbt7gv6200f2s6f3ew8vamch","Pichet Jarre (GM)","Code produit: PJG","6.8","{}","true","10","cmbt7dj660000s6if6p092iic","2025-06-12 09:57:59.114","2025-06-12 09:57:59.114",,,"false","{}",,""
"cmbt7gv6w00f4s6f3mz97vyr3","Pichet Jarre (PM)","Code produit: PJP","5.5","{}","true","10","cmbt7dj660000s6if6p092iic","2025-06-12 09:57:59.144","2025-06-12 09:57:59.144",,,"false","{}",,""
"cmbt7gv7p00f6s6f3iz88ahk2","Pot à lait Boule ou Pot à lait Droit (PM)","Code produit: PL","3.5","{}","true","10","cmbt7dj660000s6if6p092iic","2025-06-12 09:57:59.173","2025-06-12 09:57:59.173",,,"false","{}",,""
"cmbt7gv8l00f8s6f3eii0kdcj","Pichet Lisa (GM)","Code produit: PLG","5.6","{}","true","10","cmbt7dj660000s6if6p092iic","2025-06-12 09:57:59.205","2025-06-12 09:57:59.205",,,"false","{}",,""
"cmbt7gv9f00fas6f3r15oqdb7","Pot à Lait (GM)","Code produit: PLGM","4.2","{}","true","10","cmbt7dj660000s6if6p092iic","2025-06-12 09:57:59.235","2025-06-12 09:57:59.235",,,"false","{}",,""
"cmbt7gva800fcs6f3t7a4mhic","Pichet Lisa (PM)","Code produit: PLP","4.5","{}","true","10","cmbt7dj660000s6if6p092iic","2025-06-12 09:57:59.264","2025-06-12 09:57:59.264",,,"false","{}",,""
"cmbt7gvb100fes6f3hqvn9okx","Pousse-Mousse (sans pompe)","Code produit: PM","4.2","{}","true","10","cmbt7dj660000s6if6p092iic","2025-06-12 09:57:59.293","2025-06-12 09:57:59.293",,,"false","{}",,""
"cmbt7gvbu00fgs6f3lkhku0u7","Pichet Maison  1Litre","Code produit: PM1","6.8","{}","true","10","cmbt7dj660000s6if6p092iic","2025-06-12 09:57:59.322","2025-06-12 09:57:59.322",,,"false","{}",,""
"cmbt7gvcq00fis6f35n662e7x","Pichet Maison  0,75 l","Code produit: PM2","6.2","{}","true","10","cmbt7dj660000s6if6p092iic","2025-06-12 09:57:59.354","2025-06-12 09:57:59.354",,,"false","{}",,""
"cmbt7gvdk00fks6f31st0a7d8","Pichet Maison  0,50 l","Code produit: PM3","5.3","{}","true","10","cmbt7dj660000s6if6p092iic","2025-06-12 09:57:59.384","2025-06-12 09:57:59.384",,,"false","{}",,""
"cmbt7gvec00fms6f32vzbod0k","Pichet Maison  0,25 l","Code produit: PM4","4.5","{}","true","10","cmbt7dj660000s6if6p092iic","2025-06-12 09:57:59.412","2025-06-12 09:57:59.412",,,"false","{}",,""
"cmbt7gvf500fos6f3lreg52g0","Pousse-Mousse Complet","Code produit: PMC","6","{}","true","10","cmbt7dj660000s6if6p092iic","2025-06-12 09:57:59.442","2025-06-12 09:57:59.442",,,"false","{}",,""
"cmbt7gviy00fqs6f31a5u607v","Mug droit","Code produit: PMD","4.6","{}","true","10","cmbt7dj660000s6if6p092iic","2025-06-12 09:57:59.578","2025-06-12 09:57:59.578",,,"false","{}",,""
"cmbt7gvjr00fss6f3eyny0n6e","Panier (MM)","Code produit: PMM","5.8","{}","true","10","cmbt7dj660000s6if6p092iic","2025-06-12 09:57:59.607","2025-06-12 09:57:59.607",,,"false","{}",,""
"cmbt7gvkk00fus6f3ph9fd7h4","Panier Fleur (MM)","Code produit: PMMF","5.8","{}","true","10","cmbt7dj660000s6if6p092iic","2025-06-12 09:57:59.637","2025-06-12 09:57:59.637",,,"false","{}",,""
"cmbt7gvle00fws6f3ms9q77rf","Moune","Code produit: PMOU","8.5","{}","true","10","cmbt7dj660000s6if6p092iic","2025-06-12 09:57:59.667","2025-06-12 09:57:59.667",,,"false","{}",,""
"cmbt7gvm700fys6f3weu0j557","Poisson à Compartiments","Code produit: POI","5.5","{}","true","10","cmbt7dj660000s6if6p092iic","2025-06-12 09:57:59.695","2025-06-12 09:57:59.695",,,"false","{}",,""
"cmbt7gvn300g0s6f375dgfp3h","Pompe Demoiselle","Code produit: POM","2","{}","true","10","cmbt7dj660000s6if6p092iic","2025-06-12 09:57:59.727","2025-06-12 09:57:59.727",,,"false","{}",,""
"cmbt7gvnw00g2s6f3llyjd0ck","Plat Rond Oriental","Code produit: POR","40","{}","true","10","cmbt7dj660000s6if6p092iic","2025-06-12 09:57:59.756","2025-06-12 09:57:59.756",,,"false","{}",,""
"cmbt7gvot00g4s6f392ewi75z","Pot a terre","Code produit: POT","4.9","{}","true","10","cmbt7dj660000s6if6p092iic","2025-06-12 09:57:59.789","2025-06-12 09:57:59.789",,,"false","{}",,""
"cmbt7gvpo00g6s6f36v88fxg9","Poisson Plate","Code produit: PP","4.9","{}","true","10","cmbt7dj660000s6if6p092iic","2025-06-12 09:57:59.82","2025-06-12 09:57:59.82",,,"false","{}",,""
"cmbt7gvqj00g8s6f3rafgk1ah","Petit pot à ail","Code produit: PPA","4.7","{}","true","10","cmbt7dj660000s6if6p092iic","2025-06-12 09:57:59.851","2025-06-12 09:57:59.851",,,"false","{}",,""
"cmbt7gvrb00gas6f3h0tbtpng","Petit Plat à Cake","Code produit: PPAC","4","{}","true","10","cmbt7dj660000s6if6p092iic","2025-06-12 09:57:59.879","2025-06-12 09:57:59.879",,,"false","{}",,""
"cmbt7gvs400gcs6f3iwi520mp","Petit pot à Fleur","Code produit: PPF","2.8","{}","true","10","cmbt7dj660000s6if6p092iic","2025-06-12 09:57:59.908","2025-06-12 09:57:59.908",,,"false","{}",,""
"cmbt7gvsy00ges6f3mvto3ia3","Plat poisson (GM)","Code produit: PPG","15","{}","true","10","cmbt7dj660000s6if6p092iic","2025-06-12 09:57:59.939","2025-06-12 09:57:59.939",,,"false","{}",,""
"cmbt7gvtr00ggs6f3elmgikwz","Plat Provençal (GM) Ansé","Code produit: PPGMA","16","{}","true","10","cmbt7dj660000s6if6p092iic","2025-06-12 09:57:59.968","2025-06-12 09:57:59.968",,,"false","{}",,""
"cmbt7gvum00gis6f3tr1gbuft","Plat Provençal (GM) Simple","Code produit: PPGS","15.5","{}","true","10","cmbt7dj660000s6if6p092iic","2025-06-12 09:57:59.998","2025-06-12 09:57:59.998",,,"false","{}",,""
"cmbt7gvvf00gks6f37xy300mv","Panier (PM)","Code produit: PPM","4.8","{}","true","10","cmbt7dj660000s6if6p092iic","2025-06-12 09:58:00.027","2025-06-12 09:58:00.027",,,"false","{}",,""
"cmbt7gvw900gms6f3w8nztxnt","Panier Fleur (PM)","Code produit: PPMF","4.8","{}","true","10","cmbt7dj660000s6if6p092iic","2025-06-12 09:58:00.057","2025-06-12 09:58:00.057",,,"false","{}",,""
"cmbt7gvx600gos6f31vxegdnw","Plat Provençal (MM) Ansé","Code produit: PPMMA","11","{}","true","10","cmbt7dj660000s6if6p092iic","2025-06-12 09:58:00.09","2025-06-12 09:58:00.09",,,"false","{}",,""
"cmbt7gvy200gqs6f3r4mbzl30","Plat Provençal (MM) Simple","Code produit: PPMS","8.95","{}","true","10","cmbt7dj660000s6if6p092iic","2025-06-12 09:58:00.122","2025-06-12 09:58:00.122",,,"false","{}",,""
"cmbt7gvyx00gss6f3hc8gjjow","Petite Plaque de Porte","Code produit: PPP","3.5","{}","true","10","cmbt7dj660000s6if6p092iic","2025-06-12 09:58:00.153","2025-06-12 09:58:00.153",,,"false","{}",,""
"cmbt7gvzq00gus6f3t9pnphmq","Plat Provençal (PM)  Ansé","Code produit: PPPA","7.5","{}","true","10","cmbt7dj660000s6if6p092iic","2025-06-12 09:58:00.182","2025-06-12 09:58:00.182",,,"false","{}",,""
"cmbt7gw0k00gws6f38e7wdzyx","Plat Provençal (PM) Simple","Code produit: PPPPS","7.1","{}","true","10","cmbt7dj660000s6if6p092iic","2025-06-12 09:58:00.212","2025-06-12 09:58:00.212",,,"false","{}",,""
"cmbt7gw1e00gys6f3lr8wvapn","Plat Provençal (PM)  Simple","Code produit: PPPS","6.6","{}","true","10","cmbt7dj660000s6if6p092iic","2025-06-12 09:58:00.242","2025-06-12 09:58:00.242",,,"false","{}",,""
"cmbt7gw2800h0s6f3mbgd389z","Pichet a vin GM","Code produit: PPVIG","4.7","{}","true","10","cmbt7dj660000s6if6p092iic","2025-06-12 09:58:00.272","2025-06-12 09:58:00.272",,,"false","{}",,""
"cmbt7gw3200h2s6f3k0wnea0i","Pichet a vin PM","Code produit: PPVIP","4.4","{}","true","10","cmbt7dj660000s6if6p092iic","2025-06-12 09:58:00.302","2025-06-12 09:58:00.302",,,"false","{}",,""
"cmbt7gw3w00h4s6f34es158fd","Pichet Retient Glaçons (GM)","Code produit: PRG","6.8","{}","true","10","cmbt7dj660000s6if6p092iic","2025-06-12 09:58:00.332","2025-06-12 09:58:00.332",,,"false","{}",,""
"cmbt7gw4q00h6s6f38v558qrw","Porte Savon Baignoire","Code produit: PS","4.3","{}","true","10","cmbt7dj660000s6if6p092iic","2025-06-12 09:58:00.362","2025-06-12 09:58:00.362",,,"false","{}",,""
"cmbt7gw5k00h8s6f348k3438g","Porte Serviette","Code produit: PSE","6.8","{}","true","10","cmbt7dj660000s6if6p092iic","2025-06-12 09:58:00.392","2025-06-12 09:58:00.392",,,"false","{}",,""
"cmbt7gw6e00has6f3roi9m27o","Porte Savon Feston","Code produit: PSFE","4.7","{}","true","10","cmbt7dj660000s6if6p092iic","2025-06-12 09:58:00.422","2025-06-12 09:58:00.422",,,"false","{}",,""
"cmbt7gw7700hcs6f3jqh42kye","Porte Savon Plat","Code produit: PSP","3.4","{}","true","10","cmbt7dj660000s6if6p092iic","2025-06-12 09:58:00.451","2025-06-12 09:58:00.451",,,"false","{}",,""
"cmbt7gw8000hes6f3zncnxkwi","Pichet Réserve à Glaçons","Code produit: PT","8.5","{}","true","10","cmbt7dj660000s6if6p092iic","2025-06-12 09:58:00.48","2025-06-12 09:58:00.48",,,"false","{}",,""
"cmbt7gw8v00hgs6f3n3zvccf7","Plat à Tarte Carré Applique","Code produit: PTCA","13","{}","true","10","cmbt7dj660000s6if6p092iic","2025-06-12 09:58:00.511","2025-06-12 09:58:00.511",,,"false","{}",,""
"cmbt7gw9o00his6f3btisvi02","Plat à Tarte Carré (GM)","Code produit: PTCG","12","{}","true","10","cmbt7dj660000s6if6p092iic","2025-06-12 09:58:00.54","2025-06-12 09:58:00.54",,,"false","{}",,""
"cmbt7gwaj00hks6f3tuqs57uu","Plat à Tarte Fleur","Code produit: PTF","8.7","{}","true","10","cmbt7dj660000s6if6p092iic","2025-06-12 09:58:00.571","2025-06-12 09:58:00.571",,,"false","{}",,""
"cmbt7gwbd00hms6f3l587fj02","Plat Tarte Froissé","Code produit: PTFR","9.7","{}","true","10","cmbt7dj660000s6if6p092iic","2025-06-12 09:58:00.601","2025-06-12 09:58:00.601",,,"false","{}",,""
"cmbt7gwc500hos6f38bnnwxdp","Plat à Tarte (GM)","Code produit: PTG","7.6","{}","true","10","cmbt7dj660000s6if6p092iic","2025-06-12 09:58:00.629","2025-06-12 09:58:00.629",,,"false","{}",,""
"cmbt7gwcx00hqs6f3iotilcj9","Plat à Tarte (GM) Applique","Code produit: PTGA","8","{}","true","10","cmbt7dj660000s6if6p092iic","2025-06-12 09:58:00.658","2025-06-12 09:58:00.658",,,"false","{}",,""
"cmbt7gwdv00hss6f35le0cw7g","Plat à Tarte (PM)","Code produit: PTP","7","{}","true","10","cmbt7dj660000s6if6p092iic","2025-06-12 09:58:00.692","2025-06-12 09:58:00.692",,,"false","{}",,""
"cmbt7gwep00hus6f30fomnp0n","Plat à Tarte (PM) Applique","Code produit: PTPA","7.3","{}","true","10","cmbt7dj660000s6if6p092iic","2025-06-12 09:58:00.721","2025-06-12 09:58:00.721",,,"false","{}",,""
"cmbt7gwfj00hws6f30dxh77ls","Pichet trapèze (GM)","Code produit: PTRG","6.8","{}","true","10","cmbt7dj660000s6if6p092iic","2025-06-12 09:58:00.751","2025-06-12 09:58:00.751",,,"false","{}",,""
"cmbt7gwgd00hys6f399akkh0y","Pichet  trapèze (PM)","Code produit: PTRP","5.5","{}","true","10","cmbt7dj660000s6if6p092iic","2025-06-12 09:58:00.782","2025-06-12 09:58:00.782",,,"false","{}",,""
"cmbt7gwhd00i0s6f3l01vidso","Pyramide avec Couvercle","Code produit: PYC","15","{}","true","10","cmbt7dj660000s6if6p092iic","2025-06-12 09:58:00.818","2025-06-12 09:58:00.818",,,"false","{}",,""
"cmbt7gwi700i2s6f3abdr6f8i","Ravier Ovale 4 Compartiments (Aperitif)","Code produit: R4","7","{}","true","10","cmbt7dj660000s6if6p092iic","2025-06-12 09:58:00.848","2025-06-12 09:58:00.848",,,"false","{}",,""
"cmbt7gwj200i4s6f3ptvjuppq","Rapette","Code produit: RA","3.1","{}","true","10","cmbt7dj660000s6if6p092iic","2025-06-12 09:58:00.878","2025-06-12 09:58:00.878",,,"false","{}",,""
"cmbt7gwjw00i6s6f3l7lo1iot","Ramequin Crème","Code produit: RAC","3.5","{}","true","10","cmbt7dj660000s6if6p092iic","2025-06-12 09:58:00.908","2025-06-12 09:58:00.908",,,"false","{}",,""
"cmbt7gwky00i8s6f3tss6fmow","Ramequin Bas","Code produit: RAM","3.1","{}","true","10","cmbt7dj660000s6if6p092iic","2025-06-12 09:58:00.947","2025-06-12 09:58:00.947",,,"false","{}",,""
"cmbt7gwlr00ias6f3wnv88zrr","Ravier Anémone (Vide Poches)","Code produit: RANE","5","{}","true","10","cmbt7dj660000s6if6p092iic","2025-06-12 09:58:00.976","2025-06-12 09:58:00.976",,,"false","{}",,""
"cmbt7gwmn00ics6f3ydcn1jpg","Repose-Cuillère  ","Code produit: RC1","3.3","{}","true","10","cmbt7dj660000s6if6p092iic","2025-06-12 09:58:01.007","2025-06-12 09:58:01.007",,,"false","{}",,""
"cmbt7gwnf00ies6f3evktbjl4","Ramasse Couvert Double","Code produit: RCD","7","{}","true","10","cmbt7dj660000s6if6p092iic","2025-06-12 09:58:01.035","2025-06-12 09:58:01.035",,,"false","{}",,""
"cmbt7gwoa00igs6f3ygspyq5a","Ramasse Couvert Egoutoir Double","Code produit: RCED","7.5","{}","true","10","cmbt7dj660000s6if6p092iic","2025-06-12 09:58:01.066","2025-06-12 09:58:01.066",,,"false","{}",,""
"cmbt7gwp400iis6f3fmfe71ap","Ramasse Couvert Egoutoir Triple","Code produit: RCET","8.5","{}","true","10","cmbt7dj660000s6if6p092iic","2025-06-12 09:58:01.096","2025-06-12 09:58:01.096",,,"false","{}",,""
"cmbt7gwpy00iks6f3gmzc8c96","Repose Cuillère Simple","Code produit: RCS","3.3","{}","true","10","cmbt7dj660000s6if6p092iic","2025-06-12 09:58:01.126","2025-06-12 09:58:01.126",,,"false","{}",,""
"cmbt7gwqs00ims6f3xzizqpw8","Ravier Coquille St Jacques","Code produit: RCSJ","5","{}","true","10","cmbt7dj660000s6if6p092iic","2025-06-12 09:58:01.156","2025-06-12 09:58:01.156",,,"false","{}",,""
"cmbt7gwrn00ios6f3sg4z5t6e","Ramasse Couvert Triple","Code produit: RCT","7.5","{}","true","10","cmbt7dj660000s6if6p092iic","2025-06-12 09:58:01.188","2025-06-12 09:58:01.188",,,"false","{}",,""
"cmbt7gwsj00iqs6f3mmanovxy","Ravier Feuille de 20 cm","Code produit: RF20","4.8","{}","true","10","cmbt7dj660000s6if6p092iic","2025-06-12 09:58:01.219","2025-06-12 09:58:01.219",,,"false","{}",,""
"cmbt7gwtd00iss6f30ao2ay7p","Ravier Feuille de 25 cm","Code produit: RF25","5.3","{}","true","10","cmbt7dj660000s6if6p092iic","2025-06-12 09:58:01.249","2025-06-12 09:58:01.249",,,"false","{}",,""
"cmbt7gwu800ius6f3bys57xqm","Rince Fruits Fleur (GM)","Code produit: RFFG","8.5","{}","true","10","cmbt7dj660000s6if6p092iic","2025-06-12 09:58:01.28","2025-06-12 09:58:01.28",,,"false","{}",,""
"cmbt7gwv200iws6f36v4hcoor","Rince Fruits Fleur (MM)","Code produit: RFFM","5.9","{}","true","10","cmbt7dj660000s6if6p092iic","2025-06-12 09:58:01.31","2025-06-12 09:58:01.31",,,"false","{}",,""
"cmbt7gwvw00iys6f3ebqqarf3","Rince Fruits Fleur (PM)","Code produit: RFFP","3.9","{}","true","10","cmbt7dj660000s6if6p092iic","2025-06-12 09:58:01.34","2025-06-12 09:58:01.34",,,"false","{}",,""
"cmbt7gwwq00j0s6f3bmg8lzi7","Rince Fruits (GM)","Code produit: RFG","9.5","{}","true","10","cmbt7dj660000s6if6p092iic","2025-06-12 09:58:01.37","2025-06-12 09:58:01.37",,,"false","{}",,""
"cmbt7gwxl00j2s6f3qujjn4ir","Rince Fruits (PM)","Code produit: RFP","5.7","{}","true","10","cmbt7dj660000s6if6p092iic","2025-06-12 09:58:01.401","2025-06-12 09:58:01.401",,,"false","{}",,""
"cmbt7gwyf00j4s6f3a29e64u6","Ramequin Haut","Code produit: RH","3.2","{}","true","10","cmbt7dj660000s6if6p092iic","2025-06-12 09:58:01.431","2025-06-12 09:58:01.431",,,"false","{}",,""
"cmbt7gwz900j6s6f32eqeumzi","Ravier Poisson (PM)","Code produit: RPP","3.9","{}","true","10","cmbt7dj660000s6if6p092iic","2025-06-12 09:58:01.461","2025-06-12 09:58:01.461",,,"false","{}",,""
"cmbt7gx0300j8s6f3dcvblybp","Poisson  rascasse","Code produit: RPR","4.5","{}","true","10","cmbt7dj660000s6if6p092iic","2025-06-12 09:58:01.492","2025-06-12 09:58:01.492",,,"false","{}",,""
"cmbt7gx1000jas6f3kxb9952z","Rince Radis","Code produit: RR","3.7","{}","true","10","cmbt7dj660000s6if6p092iic","2025-06-12 09:58:01.524","2025-06-12 09:58:01.524",,,"false","{}",,""
"cmbt7gx1v00jcs6f3c7dcdk4t","Ramequin Rond (GM)","Code produit: RRG","4","{}","true","10","cmbt7dj660000s6if6p092iic","2025-06-12 09:58:01.555","2025-06-12 09:58:01.555",,,"false","{}",,""
"cmbt7gx2p00jes6f3ltszpr96","Ramequin Rond (MM)","Code produit: RRM","3.4","{}","true","10","cmbt7dj660000s6if6p092iic","2025-06-12 09:58:01.585","2025-06-12 09:58:01.585",,,"false","{}",,""
"cmbt7gx3o00jgs6f34dwyhkwr","Ramequin Rond (PM)","Code produit: RRP","3.3","{}","true","10","cmbt7dj660000s6if6p092iic","2025-06-12 09:58:01.62","2025-06-12 09:58:01.62",,,"false","{}",,""
"cmbt7gx4j00jis6f3qghyh2bt","Ramequin Sauce","Code produit: RSA","3.7","{}","true","10","cmbt7dj660000s6if6p092iic","2025-06-12 09:58:01.651","2025-06-12 09:58:01.651",,,"false","{}",,""
"cmbt7gx5f00jks6f3i49m1sdr","Ravier Sauce  (GM)","Code produit: RSAG","3.9","{}","true","10","cmbt7dj660000s6if6p092iic","2025-06-12 09:58:01.683","2025-06-12 09:58:01.683",,,"false","{}",,""
"cmbt7gx6a00jms6f3ixewhxh4","Soliflore","Code produit: S","4.5","{}","true","10","cmbt7dj660000s6if6p092iic","2025-06-12 09:58:01.714","2025-06-12 09:58:01.714",,,"false","{}",,""
"cmbt7gx7400jos6f31h7nvcfl","Saucière Ansé","Code produit: SA","4.7","{}","true","10","cmbt7dj660000s6if6p092iic","2025-06-12 09:58:01.744","2025-06-12 09:58:01.744",,,"false","{}",,""
"cmbt7gx7y00jqs6f34qdrkxmo","Seau à Champagne","Code produit: SAC","10","{}","true","10","cmbt7dj660000s6if6p092iic","2025-06-12 09:58:01.774","2025-06-12 09:58:01.774",,,"false","{}",,""
"cmbt7gx8t00jss6f3marycx91","Seau à Glaçons","Code produit: SAG","5.8","{}","true","10","cmbt7dj660000s6if6p092iic","2025-06-12 09:58:01.805","2025-06-12 09:58:01.805",,,"false","{}",,""
"cmbt7gx9n00jus6f3mv2pv439","Salière ou poivrier","Code produit: SAL","2.8","{}","true","10","cmbt7dj660000s6if6p092iic","2025-06-12 09:58:01.835","2025-06-12 09:58:01.835",,,"false","{}",,""
"cmbt7gxaj00jws6f3m77zkaue","Sucrier avec Couvercle","Code produit: SC","4.7","{}","true","10","cmbt7dj660000s6if6p092iic","2025-06-12 09:58:01.867","2025-06-12 09:58:01.867",,,"false","{}",,""
"cmbt7gxbh00jys6f3wdqvly7f","Saladier Conique (Géant)","Code produit: SCOGE","24","{}","true","10","cmbt7dj660000s6if6p092iic","2025-06-12 09:58:01.901","2025-06-12 09:58:01.901",,,"false","{}",,""
"cmbt7gxcd00k0s6f3xagmd32f","Saladier (GM)","Code produit: SG","9.8","{}","true","10","cmbt7dj660000s6if6p092iic","2025-06-12 09:58:01.933","2025-06-12 09:58:01.933",,,"false","{}",,""
"cmbt7gxd600k2s6f3h249pb4o","Soupière (GM) avec Couvercle","Code produit: SGC","22","{}","true","10","cmbt7dj660000s6if6p092iic","2025-06-12 09:58:01.962","2025-06-12 09:58:01.962",,,"false","{}",,""
"cmbt7gxdz00k4s6f3fdvjavnk","Saladier (GM) Gratte-Ail","Code produit: SGRA","11","{}","true","10","cmbt7dj660000s6if6p092iic","2025-06-12 09:58:01.991","2025-06-12 09:58:01.991",,,"false","{}",,""
"cmbt7gxes00k6s6f3vmk8e496","Saladier (MM)","Code produit: SM","7.2","{}","true","10","cmbt7dj660000s6if6p092iic","2025-06-12 09:58:02.02","2025-06-12 09:58:02.02",,,"false","{}",,""
"cmbt7gxfm00k8s6f3p5tn9fkd","Soliflore conique GM","Code produit: SOG","4.5","{}","true","10","cmbt7dj660000s6if6p092iic","2025-06-12 09:58:02.05","2025-06-12 09:58:02.05",,,"false","{}",,""
"cmbt7gxgf00kas6f3odq6nv24","Soliflore conique PM","Code produit: SOP","4.2","{}","true","10","cmbt7dj660000s6if6p092iic","2025-06-12 09:58:02.079","2025-06-12 09:58:02.079",,,"false","{}",,""
"cmbt7gxh800kcs6f3thqleyhw","Saladier (PM)","Code produit: SP","6.3","{}","true","10","cmbt7dj660000s6if6p092iic","2025-06-12 09:58:02.108","2025-06-12 09:58:02.108",,,"false","{}",,""
"cmbt7gxi200kes6f36o5kfwzg","Soupière (PM) avec Couvercle","Code produit: SPC","14","{}","true","10","cmbt7dj660000s6if6p092iic","2025-06-12 09:58:02.138","2025-06-12 09:58:02.138",,,"false","{}",,""
"cmbt7gxiu00kgs6f31wb42x33","Spatule Moutarde","Code produit: SPM","0.95","{}","true","10","cmbt7dj660000s6if6p092iic","2025-06-12 09:58:02.166","2025-06-12 09:58:02.166",,,"false","{}",,""
"cmbt7gxjo00kis6f3j92ptd4z","Seau glaçon sans anse","Code produit: SSA","5","{}","true","10","cmbt7dj660000s6if6p092iic","2025-06-12 09:58:02.196","2025-06-12 09:58:02.196",,,"false","{}",,""
"cmbt7gxkj00kks6f3z3spxiuj","Sous Tasse à Café","Code produit: STC","2.6","{}","true","10","cmbt7dj660000s6if6p092iic","2025-06-12 09:58:02.227","2025-06-12 09:58:02.227",,,"false","{}",,""
"cmbt7gxlb00kms6f3cnikmgkw","Sous Tasse à Déjeuner","Code produit: STD","3.2","{}","true","10","cmbt7dj660000s6if6p092iic","2025-06-12 09:58:02.255","2025-06-12 09:58:02.255",,,"false","{}",,""
"cmbt7gxm300kos6f37yxrnia8","Sous Tasse à Thé","Code produit: STT","2.8","{}","true","10","cmbt7dj660000s6if6p092iic","2025-06-12 09:58:02.284","2025-06-12 09:58:02.284",,,"false","{}",,""
"cmbt7gxmv00kqs6f331fq787c","Sous Tasse Trapèze","Code produit: STTR","3.1","{}","true","10","cmbt7dj660000s6if6p092iic","2025-06-12 09:58:02.312","2025-06-12 09:58:02.312",,,"false","{}",,""
"cmbt7gxnq00kss6f3htw9knuz","Tasse à Café Boule ou Droite","Code produit: TAC","3.4","{}","true","10","cmbt7dj660000s6if6p092iic","2025-06-12 09:58:02.342","2025-06-12 09:58:02.342",,,"false","{}",,""
"cmbt7gxom00kus6f3b01mhelg","Tajine (GM)","Code produit: TAG","25","{}","true","10","cmbt7dj660000s6if6p092iic","2025-06-12 09:58:02.375","2025-06-12 09:58:02.375",,,"false","{}",,""
"cmbt7gxph00kws6f3vzymhqa9","Tajine (MM)","Code produit: TAM","18","{}","true","10","cmbt7dj660000s6if6p092iic","2025-06-12 09:58:02.405","2025-06-12 09:58:02.405",,,"false","{}",,""
"cmbt7gxqb00kys6f3qllgmdb6","Tampon","Code produit: TAMP","0.5","{}","true","10","cmbt7dj660000s6if6p092iic","2025-06-12 09:58:02.435","2025-06-12 09:58:02.435",,,"false","{}",,""
"cmbt7gxr300l0s6f3pcdivbke","Tajine (PM)","Code produit: TAP","13","{}","true","10","cmbt7dj660000s6if6p092iic","2025-06-12 09:58:02.463","2025-06-12 09:58:02.463",,,"false","{}",,""
"cmbt7gxs100l2s6f3mo44jrtx","Tasse trapèze ansé","Code produit: TAST","3.8","{}","true","10","cmbt7dj660000s6if6p092iic","2025-06-12 09:58:02.498","2025-06-12 09:58:02.498",,,"false","{}",,""
"cmbt7gxsw00l4s6f3cygt2gt6","Tasse à Thé","Code produit: TAT","3.6","{}","true","10","cmbt7dj660000s6if6p092iic","2025-06-12 09:58:02.528","2025-06-12 09:58:02.528",,,"false","{}",,""
"cmbt7gxts00l6s6f3vxy0v3lt","Tyan Chinois  (GM)","Code produit: TCG","13","{}","true","10","cmbt7dj660000s6if6p092iic","2025-06-12 09:58:02.56","2025-06-12 09:58:02.56",,,"false","{}",,""
"cmbt7gxun00l8s6f3yxim9m5q","Tyan Chinois  (MM)","Code produit: TCM","9","{}","true","10","cmbt7dj660000s6if6p092iic","2025-06-12 09:58:02.591","2025-06-12 09:58:02.591",,,"false","{}",,""
"cmbt7gxvi00las6f3dszjtnhk","Tyan Chinois  (PM)","Code produit: TCP","6.6","{}","true","10","cmbt7dj660000s6if6p092iic","2025-06-12 09:58:02.622","2025-06-12 09:58:02.622",,,"false","{}",,""
"cmbt7gxwd00lcs6f3lgfga2kb","Tasse à Café sur Pied","Code produit: TCSP","3.5","{}","true","10","cmbt7dj660000s6if6p092iic","2025-06-12 09:58:02.654","2025-06-12 09:58:02.654",,,"false","{}",,""
"cmbt7gxxa00les6f3u61x2dpw","Tourtière Dentelle","Code produit: TD","10","{}","true","10","cmbt7dj660000s6if6p092iic","2025-06-12 09:58:02.686","2025-06-12 09:58:02.686",,,"false","{}",,""
"cmbt7gxyd00lgs6f35nvrs749","Tourtière  (GM)","Code produit: TG","10","{}","true","10","cmbt7dj660000s6if6p092iic","2025-06-12 09:58:02.726","2025-06-12 09:58:02.726",,,"false","{}",,""
"cmbt7gxz700lis6f3t8w4c33t","Tyan (GM) Ansé","Code produit: TGA","15","{}","true","10","cmbt7dj660000s6if6p092iic","2025-06-12 09:58:02.755","2025-06-12 09:58:02.755",,,"false","{}",,""
"cmbt7gxzz00lks6f3j6xr54rr","Theière geante avec filtre","Code produit: TGEA","13","{}","true","10","cmbt7dj660000s6if6p092iic","2025-06-12 09:58:02.783","2025-06-12 09:58:02.783",,,"false","{}",,""
"cmbt7gy0t00lms6f31riwou78","Theïère (GM)","Code produit: THEG","10","{}","true","10","cmbt7dj660000s6if6p092iic","2025-06-12 09:58:02.813","2025-06-12 09:58:02.813",,,"false","{}",,""
"cmbt7gy1l00los6f3coy3as5m","Theière mini","Code produit: THEM","7.6","{}","true","10","cmbt7dj660000s6if6p092iic","2025-06-12 09:58:02.841","2025-06-12 09:58:02.841",,,"false","{}",,""
"cmbt7gy2e00lqs6f3sorwfu47","Theïère (PM)","Code produit: THEP","8.5","{}","true","10","cmbt7dj660000s6if6p092iic","2025-06-12 09:58:02.87","2025-06-12 09:58:02.87",,,"false","{}",,""
"cmbt7gy3700lss6f3eqwtoe5t","Tirelire","Code produit: TIRE","7.3","{}","true","10","cmbt7dj660000s6if6p092iic","2025-06-12 09:58:02.899","2025-06-12 09:58:02.899",,,"false","{}",,""
"cmbt7gy4200lus6f3zcx5ku8q","Tisanière","Code produit: TIS","7.8","{}","true","10","cmbt7dj660000s6if6p092iic","2025-06-12 09:58:02.931","2025-06-12 09:58:02.931",,,"false","{}",,""
"cmbt7gy4w00lws6f3hdcd4tha","Tajine  Individuelle","Code produit: TIV","9.5","{}","true","10","cmbt7dj660000s6if6p092iic","2025-06-12 09:58:02.96","2025-06-12 09:58:02.96",,,"false","{}",,""
"cmbt7gy5s00lys6f3y1nvkekb","Tasse Moka","Code produit: TM","3.2","{}","true","10","cmbt7dj660000s6if6p092iic","2025-06-12 09:58:02.992","2025-06-12 09:58:02.992",,,"false","{}",,""
"cmbt7gy6m00m0s6f3b5u971ou","Tyan (MM) Ansé","Code produit: TMA","10.2","{}","true","10","cmbt7dj660000s6if6p092iic","2025-06-12 09:58:03.022","2025-06-12 09:58:03.022",,,"false","{}",,""
"cmbt7gy7m00m2s6f3trzg6gmv","Tyan (MM) Simple","Code produit: TMS","9","{}","true","10","cmbt7dj660000s6if6p092iic","2025-06-12 09:58:03.058","2025-06-12 09:58:03.058",,,"false","{}",,""
"cmbt7gy8i00m4s6f31vdpps0v","Table Nette avec Couvercle","Code produit: TNC","6.3","{}","true","10","cmbt7dj660000s6if6p092iic","2025-06-12 09:58:03.09","2025-06-12 09:58:03.09",,,"false","{}",,""
"cmbt7gy9a00m6s6f3rfkdcaky","Tourne-Omelette","Code produit: TO","8.7","{}","true","10","cmbt7dj660000s6if6p092iic","2025-06-12 09:58:03.118","2025-06-12 09:58:03.118",,,"false","{}",,""
"cmbt7gya500m8s6f3dbjlc2if","Tourtière (PM)","Code produit: TP","8","{}","true","10","cmbt7dj660000s6if6p092iic","2025-06-12 09:58:03.15","2025-06-12 09:58:03.15",,,"false","{}",,""
"cmbt7gyb500mas6f3cxic7hvu","Tyan (PM) ansé","Code produit: TPA","7.2","{}","true","10","cmbt7dj660000s6if6p092iic","2025-06-12 09:58:03.185","2025-06-12 09:58:03.185",,,"false","{}",,""
"cmbt7gyc600mcs6f3el2vvjxa","Tarte carré pointu","Code produit: TPOI","12.5","{}","true","10","cmbt7dj660000s6if6p092iic","2025-06-12 09:58:03.222","2025-06-12 09:58:03.222",,,"false","{}",,""
"cmbt7gyd100mes6f3m88x9r2e","Tyan (PM) Simple","Code produit: TPS","6.6","{}","true","10","cmbt7dj660000s6if6p092iic","2025-06-12 09:58:03.253","2025-06-12 09:58:03.253",,,"false","{}",,""
"cmbt7gydt00mgs6f3qa6vobp1","Tasse café et moka sans anse","Code produit: TSA","2.9","{}","true","10","cmbt7dj660000s6if6p092iic","2025-06-12 09:58:03.281","2025-06-12 09:58:03.281",,,"false","{}",,""
"cmbt7gyeo00mis6f35aizjjug","Tasse à Thé sur Pied","Code produit: TTSP","3.9","{}","true","10","cmbt7dj660000s6if6p092iic","2025-06-12 09:58:03.313","2025-06-12 09:58:03.313",,,"false","{}",,""
"cmbt7gyfu00mks6f3ouzoeoxc","Tuile (GM)","Code produit: TUG","4","{}","true","10","cmbt7dj660000s6if6p092iic","2025-06-12 09:58:03.354","2025-06-12 09:58:03.354",,,"false","{}",,""
"cmbt7gygo00mms6f3ervi4fja","Ustencile à accrocher Ansé","Code produit: UA","6","{}","true","10","cmbt7dj660000s6if6p092iic","2025-06-12 09:58:03.384","2025-06-12 09:58:03.384",,,"false","{}",,""
"cmbt7gyhl00mos6f35i5fj7g1","Ustencile Droit","Code produit: UD","5.2","{}","true","10","cmbt7dj660000s6if6p092iic","2025-06-12 09:58:03.417","2025-06-12 09:58:03.417",,,"false","{}",,""
"cmbt7gyig00mqs6f3751nqnyt","Ustencile Evasé","Code produit: UE","5.2","{}","true","10","cmbt7dj660000s6if6p092iic","2025-06-12 09:58:03.449","2025-06-12 09:58:03.449",,,"false","{}",,""
"cmbt7gyjb00mss6f3kgh9vvym","Ustencile Présser","Code produit: UPR","4.8","{}","true","10","cmbt7dj660000s6if6p092iic","2025-06-12 09:58:03.479","2025-06-12 09:58:03.479",,,"false","{}",,""
"cmbt7gyk600mus6f3wiyvfkw5","Verre à Dents","Code produit: VAD","3.2","{}","true","10","cmbt7dj660000s6if6p092iic","2025-06-12 09:58:03.51","2025-06-12 09:58:03.51",,,"false","{}",,""
"cmbt7gykz00mws6f3ex50s714","Verre à Orangeade","Code produit: VAO","3.5","{}","true","10","cmbt7dj660000s6if6p092iic","2025-06-12 09:58:03.539","2025-06-12 09:58:03.539",,,"false","{}",,""
"cmbt7gylw00mys6f34i6wfdbs","Verre Orangeade  Ecrasé","Code produit: VAOE","3.7","{}","true","10","cmbt7dj660000s6if6p092iic","2025-06-12 09:58:03.572","2025-06-12 09:58:03.572",,,"false","{}",,""
"cmbt7gymr00n0s6f3dlfmr1lq","Vase bas Mesnil","Code produit: VBM","16","{}","true","10","cmbt7dj660000s6if6p092iic","2025-06-12 09:58:03.603","2025-06-12 09:58:03.603",,,"false","{}",,""
"cmbt7gynl00n2s6f3rmbe37c5","Vase Colerette de 11 cm","Code produit: VC11","3.3","{}","true","10","cmbt7dj660000s6if6p092iic","2025-06-12 09:58:03.633","2025-06-12 09:58:03.633",,,"false","{}",,""
"cmbt7gyoe00n4s6f3dr9bjr8r","Vase Colerette de 15 cm","Code produit: VC15","4.3","{}","true","10","cmbt7dj660000s6if6p092iic","2025-06-12 09:58:03.663","2025-06-12 09:58:03.663",,,"false","{}",,""
"cmbt7gyp800n6s6f3tlzulwlo","Vase Colerette de 20 cm","Code produit: VC20","7.5","{}","true","10","cmbt7dj660000s6if6p092iic","2025-06-12 09:58:03.692","2025-06-12 09:58:03.692",,,"false","{}",,""
"cmbt7gyq300n8s6f3jewvznfj","Vase Colerette de 25 cm","Code produit: VC25","10.5","{}","true","10","cmbt7dj660000s6if6p092iic","2025-06-12 09:58:03.723","2025-06-12 09:58:03.723",,,"false","{}",,""
"cmbt7gyqv00nas6f30jugyfob","Vase Colerette de 30 cm","Code produit: VC30","19","{}","true","10","cmbt7dj660000s6if6p092iic","2025-06-12 09:58:03.751","2025-06-12 09:58:03.751",,,"false","{}",,""
"cmbt7gyro00ncs6f39a62bpxz","Verre Conique","Code produit: VCO","3.3","{}","true","10","cmbt7dj660000s6if6p092iic","2025-06-12 09:58:03.78","2025-06-12 09:58:03.78",,,"false","{}",,""
"cmbt7gysh00nes6f38n4cofkd","Vase Dentelle de 11 cm","Code produit: VD11","3.3","{}","true","10","cmbt7dj660000s6if6p092iic","2025-06-12 09:58:03.809","2025-06-12 09:58:03.809",,,"false","{}",,""
"cmbt7gyt900ngs6f3nw9w8ywk","Vase Dentelle de 15 cm","Code produit: VD15","4.3","{}","true","10","cmbt7dj660000s6if6p092iic","2025-06-12 09:58:03.838","2025-06-12 09:58:03.838",,,"false","{}",,""
"cmbt7gyu300nis6f36ulf89uk","Vase Dentelle de 20 cm","Code produit: VD20","7.5","{}","true","10","cmbt7dj660000s6if6p092iic","2025-06-12 09:58:03.867","2025-06-12 09:58:03.867",,,"false","{}",,""
"cmbt7gyuv00nks6f3twy2deow","Vase Dentelle de 25 cm","Code produit: VD25","10.5","{}","true","10","cmbt7dj660000s6if6p092iic","2025-06-12 09:58:03.896","2025-06-12 09:58:03.896",,,"false","{}",,""
"cmbt7gyvp00nms6f3z2wzlw4c","Vase Dentelle de 30 cm","Code produit: VD30","19","{}","true","10","cmbt7dj660000s6if6p092iic","2025-06-12 09:58:03.926","2025-06-12 09:58:03.926",,,"false","{}",,""
"cmbt7gywh00nos6f3dhpbte5j","Vase fantaisie ","Code produit: VF","20","{}","true","10","cmbt7dj660000s6if6p092iic","2025-06-12 09:58:03.954","2025-06-12 09:58:03.954",,,"false","{}",,""
"cmbt7gyx900nqs6f3zpfs7t33","Vase fantaisie ansé","Code produit: VFA","28","{}","true","10","cmbt7dj660000s6if6p092iic","2025-06-12 09:58:03.982","2025-06-12 09:58:03.982",,,"false","{}",,""
"cmbt7gyy300nss6f39fb19u50","Vase Fantaisy PM ansé","Code produit: VFAP","25","{}","true","10","cmbt7dj660000s6if6p092iic","2025-06-12 09:58:04.012","2025-06-12 09:58:04.012",,,"false","{}",,""
"cmbt7gyyz00nus6f35td34df9","Vase Glaïeul de 11 cm","Code produit: VG11","3.3","{}","true","10","cmbt7dj660000s6if6p092iic","2025-06-12 09:58:04.043","2025-06-12 09:58:04.043",,,"false","{}",,""
"cmbt7gyzr00nws6f385zakkko","Vase Glaïeul de 15 cm","Code produit: VG15","4.3","{}","true","10","cmbt7dj660000s6if6p092iic","2025-06-12 09:58:04.071","2025-06-12 09:58:04.071",,,"false","{}",,""
"cmbt7gz0j00nys6f36nnusd6h","Vase Glaïeul de 20 cm","Code produit: VG20","7.5","{}","true","10","cmbt7dj660000s6if6p092iic","2025-06-12 09:58:04.099","2025-06-12 09:58:04.099",,,"false","{}",,""
"cmbt7gz1h00o0s6f3ihgfiydr","Vase Glaïeul de 25 cm","Code produit: VG25","10.5","{}","true","10","cmbt7dj660000s6if6p092iic","2025-06-12 09:58:04.133","2025-06-12 09:58:04.133",,,"false","{}",,""
"cmbt7gz2900o2s6f3uhpdtgqp","Vase Glaïeul de 30 cm","Code produit: VG30","19","{}","true","10","cmbt7dj660000s6if6p092iic","2025-06-12 09:58:04.161","2025-06-12 09:58:04.161",,,"false","{}",,""
"cmbt7gz3200o4s6f3gii5n2jz","Vase haut Mesnil","Code produit: VHM","19","{}","true","10","cmbt7dj660000s6if6p092iic","2025-06-12 09:58:04.19","2025-06-12 09:58:04.19",,,"false","{}",,""
"cmbt7gz3u00o6s6f35r0rfljj","Vase Jarre de 11cm","Code produit: VJ11","3.3","{}","true","10","cmbt7dj660000s6if6p092iic","2025-06-12 09:58:04.218","2025-06-12 09:58:04.218",,,"false","{}",,""
"cmbt7gz4n00o8s6f3sarrcrnb","Vase Jarre de 15 cm","Code produit: VJ15","4.3","{}","true","10","cmbt7dj660000s6if6p092iic","2025-06-12 09:58:04.248","2025-06-12 09:58:04.248",,,"false","{}",,""
"cmbt7gz5h00oas6f3tcabyg2j","Vase Jarre de 20 cm","Code produit: VJ20","7.5","{}","true","10","cmbt7dj660000s6if6p092iic","2025-06-12 09:58:04.278","2025-06-12 09:58:04.278",,,"false","{}",,""
"cmbt7gz6a00ocs6f3rpv6we5e","Vase Jarre de 25 cm","Code produit: VJ25","10.5","{}","true","10","cmbt7dj660000s6if6p092iic","2025-06-12 09:58:04.307","2025-06-12 09:58:04.307",,,"false","{}",,""
"cmbt7gz7400oes6f3m3bu929k","Vase Jarre de 30 cm","Code produit: VJ30","19","{}","true","10","cmbt7dj660000s6if6p092iic","2025-06-12 09:58:04.337","2025-06-12 09:58:04.337",,,"false","{}",,""
"cmbt7gz8200ogs6f3nhppwk5q","Verre à Liqueur","Code produit: VL","2.6","{}","true","10","cmbt7dj660000s6if6p092iic","2025-06-12 09:58:04.37","2025-06-12 09:58:04.37",,,"false","{}",,""
"cmbt7gz8w00ois6f39tbyyonm","Vase Tube de 25 cm","Code produit: VT","6.7","{}","true","10","cmbt7dj660000s6if6p092iic","2025-06-12 09:58:04.4","2025-06-12 09:58:04.4",,,"false","{}",,""